Country,Provider Center,Latitude,Longitude,Picture,Providers,Members
Arizona,OptumCare Primary Care : Black Canyon,33.55502,-112.11204,https://s3-media0.fl.yelpcdn.com/bphoto/yCCxeALVYrc5R0bmiIJCJQ/l.jpg,5,14000
Arizona,OptumCare Primary Care : Deer Valley,33.68777,-112.04388,https://www.optumcare.com/content/dam/optum3/optumcare3/images/oc-networks/arizona/calendar/oc-az-deer-valley-calendar.jpg,3,14000
Arizona,OptumCare Primary Care : Bethany Home,33.68383,-112.09996,https://s3-media0.fl.yelpcdn.com/bphoto/yCCxeALVYrc5R0bmiIJCJQ/l.jpg,3,10000
Arizona,New Pueblo Medicine : part of OptumCare,35.25262,-106.57208,https://lh3.googleusercontent.com/proxy/hS-RFeS8UPAGHIrCqbPeB3_Vijzp_67nWG_tJsi0HILPhJImrW5fmi-yZ588M6oRp1KFOMLc9Cz36aGKzMllIFFw8NLm,4,30000
Arizona,OptumCare Primary Care : Ina,32.33776,-110.97737,https://s3-media0.fl.yelpcdn.com/bphoto/yCCxeALVYrc5R0bmiIJCJQ/l.jpg,5,30000
Arizona,OptumCare Primary Care : Green Valley,36.029282,-115.100414,https://s3-media0.fl.yelpcdn.com/bphoto/yCCxeALVYrc5R0bmiIJCJQ/l.jpg,3,20000
California,Valley Physicians Network,33.578134,-117.240742,https://www.valleyphysiciansnetwork.com/content/dam/optum3/namm/images/logos/vpn-216.jpg,4,40000
California,Primary Care Associates Medical Group,33.19453,-117.254177,https://s3-media0.fl.yelpcdn.com/bphoto/EghDoNvt5h9ezmpi_VH5Ug/l.jpg,6,50000
California,OptumCare Medical Group,33.750968,-118.105868,https://s3-media0.fl.yelpcdn.com/bphoto/yCCxeALVYrc5R0bmiIJCJQ/l.jpg,4,30000
California,AppleCare Medical Group,33.767472,-118.189377,"data:image/jpeg;base64,/9j/4AAQSkZJRgABAQAAAQABAAD/2wCEAAkGBxQTEBUTExIWFhMXGBgaGRgYGRoXGBobHRgYGBgaHxsYHSggHR0lHRoVIzEhJSkrLjAwFx8zODMtNygtLisBCgoKDg0OFxAQGy4dHR0vKy0tMSsrLSsrLy0tNysrLS03Kys3LSsrKy0tLS8rLSstKy0rLS0tMS0tKystLjcrLf/AABEIAHkBcAMBIgACEQEDEQH/xAAcAAEAAwEBAQEBAAAAAAAAAAAABQYHBAMCAQj/xABPEAACAQMBBAYECAgLCAMBAAABAgMABBESBQYhMQcTQVFhcSIygZEUI1JyobHB0RYzNUJUYpOzCBVDU3OCg5KUorIkRFXCw9Lh8DZjdCX/xAAaAQEAAwEBAQAAAAAAAAAAAAAAAQMEAgUG/8QALREBAAICAQICCAcBAAAAAAAAAAECAxEEEjFBURMiQnGBkcHhFCEyYaGx8AX/2gAMAwEAAhEDEQA/ANxpSlApSlArN/wmb8IeqU5iKCBh+sAz58wxI8s1fto3iwwvK3qxqzHyUZ+ysx6JNmGa4nv5BklmVc/LY6nPsBA/rGqMsz1VrDme8Q1ilKVe6KUpQKUpQKUpQKUpQKUpQKUpQKUpQKUpQKUpQKUpQKUpQKUpQKUpQKUpQKUpQKUpQKUpQKUpQKUpQK/K855Qqlj2VBXLvJ6x4dijl/5rDzOdXj/lrqtPgmISj7WgDaTPEG+SXUH3ZrrVgRkcazHejc9Zj1iYWXt7m8+4+NVzZcl1ZSfFuyHtU8UPmp4HzFZ8P/Vrf9Uany/3dXa3T3Xzpd2gY9n9WvrTOqeOOLH6gPbU/urskWtnDCBgqoLfPPFz781Sdt7Q+HPYOVCrFNqmU+BTiO8YDePGvneveC7nYpbkww8sjg7eJPNR4Cr/AMXii023vyc+krE7aRcX0UfryInzmC/Wa/La+jk9SRH+awb6jWCDd3jmRye/tJ9prvgjWPAQaccscD5555qPxv7I9M3alUzcXeKSbMMoZmUZWTHAjuY9/j21c620vF67hbE7jZSlK7SUpXDtvaK29tLOx9GNGb3DgPacD20HdSsa6MN+buXaPwa8lLh1cKGVVKuvpdgHYGGPKtloFKUoFKUoFKUoFKUoFKUoFKUoFKUoFKVT98t+EtHW3hjM95IQFiXszyLfYOfkONBcKVTLHd+/mGu82hJGTx6q1Cxqvh1hBZv/AHia6J91rhVPwfad0r9nXFJ09oZc+40FrpWPxb17Uj2rb2N2yL8auWRQOtQ5wc/JPgAcjBrYKBSlKBSlKBSlKBSlKBSlKDjv0LFR2cSfsrxMVdFxfRp68iKO3Uyj6zUVdb0WKetdw/1XDfQuawZ+NFrTfffzTvT6uEqF2hCCMEA+dfF9vvYD1Z2b5sbH6wKr9zvvbscAS479GPtr53ncXJuOmN+5E2rp3GNV4Dl9NdtvDaN68sq+YAH0ZquDeOBvzyPNWH2V+naMberIp9orvi1tS3rV372HtbsultsfZ5/lA/g0mPoGKmbTYtsoykMfngN9JzWS3EgPdXK0xXkSPI4+qvbpyKx7ELq3jybqiADAGBX3WDjb1yg9G4lH9dvtNbPsC4MlrC7HLNGhJ7yVGftrdjyRZdW20jSlKtdFU7f/AOOa1sB/vMwaT+ii+Mf3kKBVxrPINv2x2zcy3FxFGLdFgiDuFyT6czYPjhfZQUTpRtWsdtJdR8A5SZfnKQHX24yfn1u9ncrLGkiHKuoZT4MMj7Kyfplv7K6s0eG6heaJ+Cq6lircGGAe8KfYasPQvtnr9mrGT6cDFD80+kh9xI/q0SvcikggHBxzHZ48eFZJt/eHaNvteKx+GExSvFh+qh1hXbSfzMZHH3Vr1Ytv7/8AJrLztv3rUQ0W62VfKpMO0NTjks0MRQ+BMaqw8xnyqL3L36NzO9ndRdTeR6sqPUbTz05457cccjiDV4rElYXO9eu39JY3Bdhy9CMI5z3Z9HxzQXHpS2heWlv8KtrkqoZVaMpGygHhqBK6s5xwJ7a+9zxeXljFcttCRXkDEgRQaRh2Xtjz2Dtr46avyRJ/SRf6q7+ir8j2vzX/AHj0ERtPfC62bcpFfhJbaT1LiNSjDv1pkjI4ZA7DkZ5VdryNpofiZzGWAZZECPkEZHBwQRy++s36fbpPg1vDkdaZdYHbpCspPvYe6r5ubavFs+1jkBDrDGGB5g6Rw9nL2UGb7mbw7Tu9oyWkl4FWLrC7LFFk6GCYGU4ZJHsrYFHDnmsa6LPy9f8AlP8Av1rZ6D5YZGM48RWRb4bwbRs9pQ2q3mqObq9LGKLUoZ9BzhQCQQfeK1+sa6Wfy3s/+x/fmgv38R3/APxVv8ND91eNta7QhvYBJd/CLZ9Yf4lI2QhGZCSg5Ejnw44HbVtrlivUaV4Q2ZEVGYdwfVp/0n6KDi3r20LOzmuCASi+iD2sfRQf3iKzLoS2ebi4udoT5eTOlWPH0m9KQ+eNIHgxFTXTzcFdnRqOTzrnyCOfrx7q9OgoD+LGxz698/3U/wDFEtGpSlEK5vLu98IuLOdNIe3mDEngTGQdQGBzyFI9tWOlKCmdKO3Jra0AtiRPITggAlUjUyStg8OCqB/Wr06Lt4Xvdnq8rapkZkc8OJHFTgfqsPca+4IRdbTuGYaobeEW4HYXlxJN/l6pT51ROieY2e1rrZ7ng2oLntaMkqfahJ9lBs9ZP0obwbQ2dNF1N3mKbXgNFESpUjIzo4jDLjt4VrFY7/CE/wBy/t/+lQXyTZF6YwY9pSB8ZGuGBl5ciFQH6agNg79Tx3/8X7SRFlJAjljyEfPq8D8rsI7eBArQLb1F+aPqrGt9v9t3it4rf0mh6oSMOS6JDI5z+qCPbw50G1VkvSbvBtDZ88QivNUcwYgNFFlSpGRkLxHpDHbwNa1WNdP/AONsv7X646C+jYd//wAVb/DQ/dUdti12pb6JEvTcJqw6fB41bipww0A59LGfOruvIVztfIJxBn4woZMfqhlUn3sKCtbc3Is7pmaWEayT6aei3nkcD7Qaqdz0WaMmGbI+S4wf7w5+4Vq7xZrwlhPZxrzcuC1YnXYmsSxqfdKZDgxE+XEfRXvBuRctyhI8yo+s1o1+pHMEeyoKW4ZT6LEeRIrw55fRk6LxP9Kb44rG9oaDo4uDz6tfNs/UDXdF0YH86dR5KT9ZFdibwTr/ACmfnAH6edeq76yr60aN5ZU/bXqYMnGvHj8fs4rbHLxi6MIhznb2KB9prsXo2tO1pj/XA+oUXf8AT86Bh5MD9gr4PSXaj1o5h5BT/wA1baV42/V+qyOjwdcXR7Yj+SdvnSyH6mqyWtusaKiDCqAoHcAMDnVWsukazlkSNet1uwVQUPMnA5GrjWqkV9lZGvApSldpcO2torb20s7erGjN54HAe04Htqp7m7mWzWUUl1bRSXEoMsjOgZsyEvxz3AgeyovpR3qt3EFisyMJZo+vYMCqRq6khiO0nB8lOa0mCVWUMjKynkVII9hHCgr15uJYPG6C0hUsrAMEAKkjAII7RWVdDW0GtdqSWsnDrA0ZHdJGSR9Tj21vJOK/nXpDu0t9ttcW0iuQ0cvokEBxjUuR5cfnUS/oysT6Rote8dompl1fBxqU6WGZG4g9h7q1rYu3ILqJZIZVcMoOAwLDwYcwR21jvSBtKIbx276xoia3DnIwuJNTZ8gRmiGn3e6XWrokvrxkPNesRcjuJSMEj213bv7t21khW2hCZ9Y8SzebNxP1VKI4IyCCD2ivugofTV+SJP6SL/VXN0b7DZ9l27LeXUepW9FGTSPTcejrjYj2Htr76brtF2WULDW8iaRnicHUeHdgfSK7uiO7R9kwBWBZNasO0HrGPEeRB9tB27N3GtIp/hDK80+c9bO5kbPfx9Hy4cKs9K85ZVVSzMFUcSScADvyaDHOiz8vX/lP+/WtnrCui7a8K7aupHkVElE2gswUHMysBk444z7q2b+Obf8ASYf2iffQd9Yv0vxBts2KnOGWIcDg8Z2HAjiD41o9jvAtxfGK3kR4YotUrKQw6xmxGgYdwWQnHeKzHpW2hGdt2npriLqesOeC/HFjnuwuD7aJaT+BMH89d/4qf/vr43V3V+BXN06uzxziEjWxdwy6wwLHiRxXB8cdlTQ21bfpEP7RPvqK2nvbCJoIIJIpp5pFXSrB9Kc5HbSeGFDYHaceNEIjpn2aZtlOyjjC6yezijfQxPsqr9AG1Ri4tSeOVlUd/wCY/wDye+tfmiVlKsAVYEEHkQeBFYLvNundbHvBeWgZ4FYsrYLaB2pIB+bgkZ5Edxolv1Kpm7HSRZXUY1yrBL+dHKwXj+qx4MPp8KmLze2xiUs95BjwkVj7ApJNEJaaZUUszBVHMkgAdnM+yvPaF4sMUkrnCRqzt5KMmqlAZdqSo7RtFs+Jw6q40yXDrxQleyIHBweZA9n70i7Wi0w2JkUNdTRpINQBWLUC5PdnAUfONBH7sbJ2mIBLHc28YuGacq8TOwaX08E57BgeyqZv3a3VhtK2v7h45GZlJaJSgPV4BUgk8SpxW6oAAAOXZVH6ZdnJLst2ZgrRMroScZOdJX2hjw7wKC7wSh1V1OVYAg+BGRWQ/wAIT/cv7f8A6VWjoh3gW52dHGzDrYPiyM8dI9Rsd2nA81NU/wDhAXaGS1jDAuolZgDyDFAM/wB0+6iWk7z7LnuLLq7e4aCTTwIxhvR9UnmoPevEeNZ10X7ypZzts+7gSCbVp63GGLdiyHtz2NnHEedazsm7SWCOSNgysikEHI5VUukzcRb+LrIgFukHonkHX5B+w9nlRC9VjX8IAfGWXlL9cdSPR5v6Y/8AYdokwzx+iry+jkdiuW5N3E8CPHnD9PF7G81oqurFVkY4IOAxTSeHfpPuoloq7kwY/HXf+Km/768di7ni12i1xHI7xvAUbrXaRw2tCMFuOnAPM8CPGpuHblsVBFzCQR/OJ99Q29W/VrZwlxLHNJkBYkdSx48eROABk5PdiiEztraTQR61gkmPyY9Or/Ow+jNZxtHpdkVigsGjYfzzFT/dC/bWpXKZAx2VF7Qto5V0yxq47mAP18qwcjPfHaY8PA1vsy+fpRvWHopCnkrN/qaoS83mvZfWkA+aiL9S5rQNobpWx4opQ9ynI9xr4s93rNfxrSA+AAH0ZNeXPNrkt0Wn59lNotHdQodsXXaQ3mo+zFdSbRmPONT5ZFans/Ymzz6oRj+sxz7iR9VTMOxrdfVgj/ug/XWzHxLWjdZr8HMY9+TFmEj8kPs41GzbJuCeEMjeSMfqFf0PHEq8lA8hivStOPiWr3t/DuuPXix3o33Sn+GCeeF40iBK6wVJcjC4B48OJz4CtipStlKdMaWRGivyv2ldJRH4L2X6Hb/sk+6pC0tUiQJGiog5KoCqOOeAHDnn31DbI3pinvLi0wVlgPIn1xwyy+WRkeIr83p3rismgRwWkndUVR2AkKXOewEjzzQTzoCCCMg8CKixuvZfodv+yT7ql6rW1d5ZI7s2sNm87rEsjFZEQAMzKPXI7VNBKWuw7aMkx28KFlKkrGqkqeYOBy4Dh4VzfgjY/oVv+yT7q+dkbWuZJNMtg8CYJ1mWJxnuwhz3+6pyg57KyjhQJEiog5KoCj3CuiqZs7fK4njEsWzJniJYBhLFx0sUbCsQean3VP7C27FdIzR6gyNpkjddEkbfJZTy+o99B+3279rM5eW2hkf5TorH3kV+2GwraBi8NvFGxGMoiqcd3AeVSJqN3c2uLu1juFUoHz6JOSMMV7PKgk65b+wimTRNGkiZzpcBhnyNfm09oR28LzStojQZZv8A3meWB25qujem6I6xNlTtBzDGSNZSvPPUk6vZnNBJfgjY/oVv+yT7q/PwQsP0G2/ZJ91SWzr1ZoklQNpcZGpSre0HiK6qDhsNkwQKywwxxq3rBFVQfPA49tcX4JWP6Fb/ALJPurx3b3rjvJZo0Ur1Z9EnlLHqZBIvD1dSsPZVhoIP8ELD9Btv2SfdXvZbu2kLh4rWGNxyZI1VhkYPEDuz76X22RHd29sUJNwJSGzwXq1DHPnn6KlaBX4RX7Sgr1/uRs+Y5eziz3qug/5MV9bO3MsIDqitIgw5ErrI8i+SKmbu5SJGkkYKigszHkAOJNVePeu5lHWW+zJpID6rtJHEzD5Sxv6WO7OM0FuqHuN2LN2Z3tIGdjlmMakk95JHGuvZV+J4UlCSJqHqyKUccSCCp8q595dsi0tXnKGTSUGkEAku6oOJ4c2FBIwxBVCqAFUAADgABwAFcu0dkQT46+GOXTy1qGx5ZHlUBLvVcxqXm2XOkS8XZZIpCo7W0q2SBxzjuqy2d0ssaSRtqR1DKe8EZB92KDhtt2rONw8drAjrxDLGoI9oFfEu61kzFms4CxOSTGpJPfyr327tmK0i6yUnBIVVUandz6qKo5sag5d7LiMdZPsyaO3HEuJI5HVflNEp1ADmcZxigsOztlwwArDCkQJyQihQT5Cu2vCzukljWSNgyOAysORB4g1w7e2wLYQkoW62eKEYOMGQ4DeQoPe/2TBP+Ogik+eit9YriG6Nj+hW/wCyT7qlriXQjNj1QT7hmuPYO0xc20VwFKiVAwU8SM0HL+CFh+hW/wCyT7q/Y91LJTlbO3B8IkH2V87y7eNr1KpA00kz6FRWVOOktzbhyBqOffMwkG+tJbWNuAlZkljzjOljGSVJwccONBba+HjB5jNfdKiYiY1IgtrLbRj4ydIfnuo+hjVJ2tt20T1buOTwQMT9AI+mr1tTdy3mJZoYy/ymjVj9IqtXW5OThYIfPAA+rNeDy+HX0nq4fjWfp9nGXcwpl3taJ/VkU/QfpqHl2tLGcxzSJ812H1Gtd2BuTBBlpI45JCMHKAoB3AEfTUZvX0bRT5e2xDL8n+Tb2D1T4j3VpxcK2Ou4+SquKYjbL/w6v09W7k9uG/1A1p3RPe3lzFJc3U7OhOiNSFA4es3ADtOPYarFj0TzOwExWNc8SG1EjwA7fPFa3suwS3hSGIYjjUKo+0+JPHPia24YtP5zuPetrt20pStLspSlBm0OyHlkvpoMC7t71niPf8TFriP6rrkeeDXjtrZ0nwb4Zcrpubi5tfQ59TEJl6uIePa3LJPLhV+2ZspIHndSxM8nWsDjg2lVwMDlhRTbeyEuY1jcsAsiSejjOUYMOYPDIoJGqHtGO6O2pfgskKN8Ei1dajOMdbJjGlhV8qu7W3WE1z8IW5uIZDGsZ6llUFVZmGdSntY0HXsWK8Bb4VJA64GnqkdDntzqY+FS9QWyd32hk1m9uphgjRKylOPbgIONTtBUui38lxfPn/fy18WRB29OY+KraRrNjl1nWEoD+toz7K/LbcMRp1cd/epHliESVVA1MWOMJkcSffVg2LsWG1j6uFNIJ1MSSzOx5szHizedBIGqv0Zfkq28n/evVoNR+wdlJa26QRliiZwW58WLdgHeaCB6RSAtmz/iFvITLn1QvpaS36uvTn2Vbq8L20SaNo5EDxuMMp5EVWl3JwvVrf3qwfzYlXgPkh9OsL4ZoLWpzyqs9IW1jBZlU1dbOepj0qWYagdTBV4nSmo8O0Cp7Z9kkESRRLpjQYUdw9tc8+yEe6juWLF4kdEXhoGvGpsYzqwMc+VBn97tmC2ezmghuUW2Agk6yCRFNuwAJZmUDKsFbxya1AHNeN7arLE8TjKOpVh3gjBrz2VYiCCOEOziNQoZzliBwGSAM8Me6gr+8H5X2Z827/dpVsqC3h3bW6khk66aGSHXoaFgp9MANzU9gFfOyt3GhlEhvruUDPoSurIcgjiAgoJ+lKUFT6Th/wDzZM8YxJCZf6PrU1/R9FTO1DcGNDZmDPDjLrKaccNPVny8MV3Twq6lHUMrAggjIIPMEVWY9y9A0Q315DD2RLIpCj5KM6llHkaDt3R2rLcRSmcRiSKeWE9Xq0HqzpyNRz31w9KBP8WS4GTrgx5/CIsVObG2TFaxdVECFyWJJLMzHizMx4lieZr825slLqBoZCwVih9HGfQdXHMHtUUFU2/t2/UJBJbwW63BMQnMrSojMDgFQi+keOM8M86t2xdnLb28UCklY0VATzOBjNfu19mx3MDwSrqjcYPf4EdxBwQe8V6WFt1cSRl2fSoXU+CzY7SQOJ8aCs7ysBtTZzS/ivj1Un1euZF6vPiRrC+NWuVgFJYjSAc55Y7c+HOuXbGyormIxTLqQ8e4gjkykcVYdhFQJ3JDAJNfXk0P808i6WHyWKqGYeBNA6M1/wBgGBiIyzGEf/UZW0eznjwNfnSKcR2bHkt9aknuGvn9VWiCFUVURQqqAAAMAAcgB3V4bU2dHcQvDMoaNxgg/QfAg4IPYRQNrOFt5WY4Ajck9w0moro/QjZdoCMHqU+kZH2Vx/gOrARy3t3NAP5F5BpYfJYhQzLy4E1akQAAAYA4ACgp+/8AM6TbPaOIyuLlsIGC6viX/ObgO33Vzbw7Pvdpw/BpLdbOEkM7vIsrnTxVVWPgPSxkk8hVr2jslJpIJGLAwSGRcYwSVKceHLBNSNApSlApSlApSlApSlApSlApSlApWY7R3gvUW9uVvIlS2uJI1t3jT01UrgaxhsnVgeXOrTfb2pCA0lvchNKM7iItHHqAPpNkZxnjgHFNCy0qu3u9sKT/AAdUmll0o2mJNfoN+fnONI7T4iuTdvet7i6nha3lRUYBSYyukaAxEhJ4MeweVBbaVC7Z3hjt3WLRLLMwLCKFNb6RzYjgAueHE1X9697gdnNLa9cGZtBdY+MLB0V1fPqPhiB44x30F6pUBBtBLfZ5nbrykaOxE/444JOGz2k8B4EVCQRbVktxdC6jWRl6xbbqVKaSNQjMhOvJHDPfQXqlVC037haK3YxymWeIuscaF2JU6XUeRDcTgYXNeW2N+lW1aWCGVnEgjdXjPxTa0VlkAPokhvR5gnFNC6UqIsNvRyzLDokSVouu0yJpIXX1fEZ4HPZ3VyXW99uiM7dZhbg2xATJMoUtgAcweQPeRQWKlVI7+QemOpuesjyZY+qOuNQAdbjOAuDzBJ8K+NqbcmnnitbF0XrIRO87LrCxE4XSh5s3jyH0BcKVXoHntIma4llvCWAQRwAOOHEYQ4xwJycV5NvpbLA8ziRBHIsciMhEiM3LUueWDnIJ4UFmpVbk3vjCpmC562TVoh6r44qvN9OeCcRxJHOvOTeOSREltY+sjIbUrK4kV1kRGQgeqwDMcH5JoLRSuHZV08kQd4zGxLeic5C6iFzntK4JHjXdQKUpQKUpQKUpQKUpQKUpQKUpQKUpQKUpQKUpQKUpQKUpQKUpQKUpQU7d/dSMTXU1xbRtI11K8bMFc9WdOk9uOOrhzqD3m2BdzSXitBLM0mRbOJ9EEaaeRTUPSznmCCT2c602lTsVTd3ZEsd7JK6AKba2jByD6SBtY4Hvx4V+bEtZ4NoXeqEmG4dXWVWXSumPSVZc6gcjsB51bKVAqe0rOeDaBvIoTOkkIidFZVkQqxZWXWQCpzgjPZmoq53cuXsbsmMC4urhJeqDAhFWSPgWOAW0qSTWg0oODbezVuLaWBjhZEZc92Rz9h41V7e82nHbi2+Bq0yroWcSr1OANIkIPpg4wSuONXelBmcOz5LG9sYoo+vMVpLrAIVmzIC7IWwM6jyOOGRXTc7AupbW+lMQWe5mhkSHUMhImQqCw9HWwU/RUzdflyD/APJL+9jq1VIplx8JF5FfLZuwa3aF4dcYkjIk1qxJbSQRw4Hhmo6x2BdlUMsIVztT4SyhlYCMoeIOeODwxz4VolKgVT+KJev2m+jhcRxrEcj0isLIRz4YY441FWew7u1FpcwxLJIlqlvPAXCkgekCr+rqByOPZWgUoKLt5ry6jjPwSaOJZfjYVmRJZU08CGVsBQ3NcgmoaPdS5MVyFtjGJLm1kRGlEhCIRryxY5I7ifAZrU6VOxR98NgSPeRXSxSTRiIxOkUphlHpalZSGUMM5BUnuqb3T2csNuQsLwl3Z2R5OtbJwMlsniQAcZPOp2lQFKUoFKUoFKUoFKUoFKUoFKUoFKUoFKUoP//Z",3,20000
California,Empire Physicians Medical Group,33.787447,-116.383098,https://www.nammcal.com/content/dam/optum3/namm/images/epmg-145.jpg,3,10000
Colarado,Optum,38.87471,-104.79709,"data:image/jpeg;base64,/9j/4AAQSkZJRgABAQAAAQABAAD/2wCEAAkGBxMHBhERBxEWEhUVGCAYFxgYGRgYFhUXFhoWGBYYGBgYHSggGRsmGxUdITEtJi8tLi4wGCszODYsNy4uLisBCgoKDg0OGxAQGzMmHyAwLTc3NDctLTcsNzcsLy03LTctMi03LTIrNy4vKys1Kzc3LS0uNy0rLS4zLS0tMC0rLf/AABEIAOEA4QMBIgACEQEDEQH/xAAbAAEAAwADAQAAAAAAAAAAAAAABQYHAQMEAv/EAEMQAAIBAgQCBgYHBgMJAAAAAAABAgMRBAUGIRIxBzJBUWFxEyKBkaGxFDZCcnOywSMzNVLR8RWz4RYlYoKDkqLC8P/EABoBAQADAQEBAAAAAAAAAAAAAAABBAUDBgL/xAAnEQEAAQQBAgQHAAAAAAAAAAAAAQIDBBExBUESIVHRExQiMkKRsf/aAAwDAQACEQMRAD8A3AAAAAAAAAAAAAAAAAAAAAAAAAAAAAAAAAAAAAAAAAAAAAAAAAAAAAAAAAAAAAAAAAAAAAAAAAAAAAAAAAAAAAAAAAAAAAAAAAAAAAAAAAAAAAAAAAAAAAAAAAAAAAAAAAAAAAAAAAAAAAAAAAAAAAAAAAAAAAAAAAAACMeeUY46VKUrOPN/Zv3X8D7zrG/QsI3HrS2j/X2FE+jSp1eKleXf3u/PzMjqHUosVRRTra7jYvxImqrhpUJcSvHdHJnlHOq+V4u1GMnBc4yTs/FdxdcpzWnmlDiw7s11ovrRfijSsV1XLcV1RqZ7KtymKapiJ3p7gAdXwAAAAAAAAAAAAAAAAAAAAAAAAAAAAABxJ2RyReoKzjgHCnLhlPa/cu34be045F6mzbm5XxD6oomuqKYVrHZt9PzKdrOMdoeS5v2vc92UUvpuKSa2W7/REA8BPDy4oNSS9nzLrpyjGnl6lBqTlu2nfyWx5XGsU5uX8SZ3HM+zWvVRas6jnh6sdl8MdTtVW/ZJc1/oQE8tqZc5OlK0vsSXLbezXc+TRaj5nFTjaauj2DHReQ53HNabUvUqx68PLZteFyWKPnlOGSZ5GrSnwuauvB3s7+aXzLPk2awzPD3ptcS6yT+PkRExPCZiY5SIAJQAAAAAAAAAAAAAAAAAAAAAAAAAADi5Sc+zpTxkvQ722T7Fb5l3sddWhGtG1aKku5pP5lHOw/mqIomdR/Xaxdi3VuY2yjMMXKVNupJtvZd3uOrKMwqYJ3ws3Fr3NeK5Mv2baPoY+N6V6Uuxx6vti/0sUvMtOV8nqcU48cP5o7pL/iXNGXVhXLFO47ejbxsmxcjwzzPaVxyLU6xkeHHJQly4l1X/AELJe62MwpVYYXDpVZJPm999/A9eX6t+gSUafFUj3creTfI6YnVK9+G5G49fdVyOn7mZtfpxrFPFZpUlzjG0V4cP+tz76O4upm1Ry5xh82v6EfLNPTTb4btve77e3sLJoKknKvUgrX4Y28rvb3nzgX7tWRO/y27ZdqKcbVUfbrS3g6sViI4TDyqYh8MYJyk3ySSu2ZRis7x2tszlRybipUl2J8KUeyVSa3u+5fHmegYTXL7gyup0b4uhT48LiYuot7Jzi7+E/wCx36S1jXwGarB6ku/W4FKXXhJ8lJ/ai7rfxvyJGmgpXSvVlRyCm6MpRfpUrxbT6s+4q+T6PxubZZTr0MWoxmrpOdW63a3svAga6DH62LzDQ+YQ+mVHVpy7HJzpzStxJOW8Zb/3LVqfJK+qo4avk1dU4OnfeU4t8dpLqruJF2Bh2p8oxWm5U1jMQ5ekTa4J1Hbhte97d5N4fQePxGHjOGLjaSUl+0q3s1ffbxGhqwM96RlUy7SWDhxtTjKMZSjJricack9+b3RZ9FTdTSuFc223TV292+fNkCbBD6wk4aXxbg2mqUrNbNbdjK50SVpV8qxDrSlJ+lXWbdvUj3gXsGCZZqCtlOcqtCc5qMneLk2pRbd47+HuNzwGNhmGChVwr4oTSkn4Pv8AED0AyHpF1RLHZp6DL5uNOk7NxbXHPlLl2Ll7y4aKlUr6Ci6Um6jjU4W361+KaW77e4kWyNRSk1Fptc1dXXmfRUMupNZn+xatxXhGPXpx41f0iavD9ndeLe+6TLeQAAAAAAcNHIArGfaOpZheeDtRqeHUk/FLl5r4lDxOV1ctxvBjYOPc+cZeKfabGdGLwsMZRcMTFSi+x/p3MpZGFTcjdPlLQxuoXLXlV5wxvEJ06nFDtNG0BH/cXE/tTb91o/oRGfaPlSg5Zd68f5X1o+X83zLJpLDvDaeoRqKzs209mnKTe/vKuFYrt3frjiFvPyaLliPBPMorpQrujpKap/bnGL8r3f5Tq6KsNGlpjjhbiqTk5Pt9V8MV7lf2k7qfKf8AG8jq0Fs5K8W+SnF3jfwujOND6n/2YxNTC51GUIcV3td0p8ndLdxdly+NzYYjXDKul/DRpZnQqU9pTg0/Hga4X/5WLvX1jgaOH43ioNd0W5Sf/KtzOcXVqdIGq4qhFxpRsvuUk7ylJ8uJ7/BdhAsPSNWeI0ThJ1OcpQb83Tk2d+kdX4PLtOYeljK/DOEbSXDN2d2+ajbtOeliCpaaoxhslVil5KEkjo0ponB5np6hWxdOTnON5NTkle7XJPwJEJr3UkNTVqNDJ4ymoyunaznOWyUVzt5mnZDgnl2SUKNXrQpxi/NJX+J58o01hcmnxYCjGMv5neUv+6TbXsJcgZh0y/vcL92fzgaLlX8Lo/hx/KjO+mX99hfuz+cDRMq/hdH8OP5USKb0v/wKh+N/6TLBof6pYT8NfqeDpLy2WY6ZboK8qUlUsubik4y+Er+whuj7WFChk8MNmdRUpU7qMpdWUW2163JNXtuBa9Z/VTF/hS+RWeh7+EYj8Vfkica91jh6mTVMPltRVZ1Fwtx3jCN1xXlyba227yS6MMsll+m+KurOtN1LPmo2jGPvUb+0Ch6LyeGe5ji6GI2vTk4y7YTU48Ml/wDcmcYLUOJ0vgcVgaitK9ou/wC6k+u496a3XvJPop+s+I/Dl+eJeM40nRzbOqOJrren1l2VEuopeT9/IDOsZpv/AArQjxGLVqtWcLJ84U92l5vm/Yi/dGv1Noec/wDMkeXpV+qn/Vh+p6ujX6nUPOf+ZICzgAgAAAAAAAAAAAZxY5AAh890zhs9s8fTvJbKcXwzXtXNedyYAFJp9GODhUvKdeS7nKFvhBP4lpyrKqOUYb0eXU1Tj225t97b3b8z2gCM1BkdLP8ACRpY/i4VLiXC7O6TXO3iejKsBDK8vhRwt+GCsru75t7v2nrAAAAQmotMUNRSg8w4/UTS4ZW61r32fcS9CkqFCMIcopJeSVl8jsABq5VM06P8HmNdzUZ0W3d+jkkm/uyTS9iRawBU8s6PcFgKym4zrNO69JJNJ/dikn7blrSstjkAQORaTw+RY2dXA8fFJOL4pXVm0+Vu9E8ABHZ7k9PPcD6HHcXDxKXquzur23t4nZk2VwybLo0MHfgje3E7v1m29/NntAAAAAAAAAAAAAAAAAAAAAAAAAAAAAAAAAAAAAAAAAAAAAAAAAAAAAAAAAAAAAAAAAAAAAAAAAAAAAAAAAAAAAAAAAAAAAAAAAAAAAAAAAAAAAAAAAAAAAAAAAAAAAAAAAAAAAAAAAAAAAAAAAAAAAAAAAAAAAAAAAAAAAAAAAAAAAAAAAAAAAAAAAAAAAAAAAAAAAAAAAAAAAAAAAAAAAAAAAAAAAAAAAAAAAAAAAAAAAAAAAAAAAAB/9k=",2,10000
Colarado,Mountain View Medical Group,39.08532,-104.87494,"data:image/jpeg;base64,/9j/4AAQSkZJRgABAQAAAQABAAD/2wCEAAkGBxESEhUTExMVFhUVGBUaGBcYFxsXHhwfHx4dHh8aGRsaHSggGB4nHxYfITEtJi0rLjovICszODMwNzAwMDABCgoKDg0OGxAQGzgmICY1MDAwMDAwMDAwMDAwMDAwMDAwMDAwMDAwMDAxMDAwMDAwLy8vMC8wMC8vLzAwLzAuMP/AABEIAHUBYAMBEQACEQEDEQH/xAAbAAEAAwADAQAAAAAAAAAAAAAABAUGAQMHAv/EAEUQAAEDAgQDBAYGBgkFAQAAAAEAAgMEEQUSITEGE2EiQVFxBxQyQoGRI1Jyc6GxFTNigrLBJDQ1U5KzwtHhY3SDk/EX/8QAGQEBAAMBAQAAAAAAAAAAAAAAAAIDBAEF/8QAMxEAAgIBAwIEBQMDBAMAAAAAAAECAxESITEEQRNRYXEiMjOBkRShwVKx8CM0QvEF0eH/2gAMAwEAAhEDEQA/APcUAQBAEAQBAEAQBAEAQBAEAQELFcThpozJNIGNHee/oBuT5KUYOTxE7GLk8Iwv/wCpN51vV3cjYOvaT7WXa3S91r/RvTzuaf023O5S8Scf1E5LYC6CIHQg/SO6kj2B0HzVtfSxjvLd/sThQo88kzh70kSx2ZVN5jf7xos8fabs74WPmo2dInvD8HJ9On8p6PhWKwVLBJDI17end0I3B81hnCUXhoyyi47MnKJEIAgCAIAgCAIAgCAIAgCAIAgCAIAgCAIAgCAIAgCAIAgCAIAgCAIAgCAIAgOLoDL8WcaQ0d2NtLP3MB0b1kPujpur6unlZvwi2upz9jNyelFxhs2ntN4l14x1+sfL8Veuj352Lf02/OxhMTxGaok5kzy9/cTsOjWjRo8lrjCMViKNMYqKwiMpHQgCA76GtlgeJIXujeO9p36EbOHmuSipLEkcaT2Z6Pw36SGOtHVgRu25rfYP2huz8QsNvSNbwMs+na+U38MrXNDmkOaRcEG4I8QRuseMGZnYgCAIAgCAIAgCAIAgCAIAgCAIAgCAIAgCAIAgCAIAgCAIAgCAIAgCAIDrlma1pc4hrQLkk2AHiSUSb2HOyPM+LfSIX3ioyQ3Yz21P3YO32j8PFbqel7z/AAa66MbyPPiSSSSSSbknUk+JPeVtNIQBAEAQBAEAQFrgPEdTRm8L+x3xOuWH4btPUKuyqFnzEJ1xlyep8M8b01XZhPKm/u3Hf7DtneW/Refb08ob8ox2Uyiai6oKjlAEAQBAEAQBAEAQBAEAQBAEAQBAEAQBAEAQBAEAQBAEAQBAEAQFDxJxXTUYs92aT3Ym6uPn9UdSra6ZWcFkK5T4PJuJOJ6itd9IcsQN2xN9keBd9c+enRejVTGvjk2wqUOCkVpM5QBAfUUbnODWguc4gBo3JOwHVHsD5cCCQQQQbEEWIPgQdQU5WR7BAEAQBAEBwQu5Br+GuPqimsyW88Q01P0jR0cfaHR3zWW3poy3WzKZ0KW6PUMEx2nq2Z4ZA627dnN6OadQsE65QfxIxyhKOzLIKBE5QBAEAQBAEAQBAEAQBAEAQBAEAQBAEAQBAEAQBAEAQFZiuP0tN+umYw+BOv8AhGqnGuc+ESjCUuChn9JFA32TK/7MZ/N1lcuksZb+nmZXiD0kzy3jp28kH3jZ0h8gLhv4laK+kjHeW/8AYth06W8jPUXDtdUkuZBK7Mbl7+zc+Jc83KudtcdslrshHufWJcL10GslO/L9ZlpB8ctyFyN8JcM5G2D7lS1jjs1x8mu/2VuxYcPaQbOBafBwLfzTZ8BegQHw+S2xsRqPG42t1umMjB7diPDFPXQxvmZkmLGEyN7LwbC4P1hfuK8qN0q5YjwYFZKDwuDzvH+Baumu5redEPeYO0B+0zf4i63V9TCe3DNUL4y52MuCry0X38Bue4eFzsE9AWfD+BT1j8sLdB7Uh0Y3zPeeg1ULLI1r4iE5qCyz4xrB5qSTlzNsfdcNWvHi0/y3SuxTWYnYTU1sQGgkgAXJIAA7yTYBTJcE+SD1OfLWQEht80ZdlzAj2mOGhtuLd4UE/EjmDI51R+Fmuk4AqY7VFFUEmwcwO+jfY6gZhofIgBZl1UX8NiKPHi9pom4J6Q3xuMNfGWPZoZA3Y/ts7vNtwoz6VNaq2RlQmswZ6BSVTJWB8b2vY7ZzSCD8ljaaeGZ2mtmd64cCAIAgCAIAgCAIAgCAIAgCAIAgCAIAgCAhV+KwQW5sjY77FxsPmdO5SjCUuEVzthD5ng7qOrjlYHxva9h2c03B8iFyScXhkoyUllHcSuEisp8fpJHBjJ43uPutcHH8FN1zS3RVG+uTwpETFuEaKpkMssV5Da72uc0m2gvY6qUL5wWIs0xtlHZESL0f4c0/qS7o6R5HyupPqbX3Ou+b7l1h+D00GkUMbPstAPz3VUrJS5ZByk+WT1EiLoAAEBFxCginYWSsa9p3Dhf/AOLsZuLymdjJrdHn2M+jE5s1LK0NPuS3NvJw1I8/mtkOs2+JGmHU/wBRreGOGoqWBkZDXvBLnPLRq47lt9h3DyWe25zlkpsscnkvgVUVnKApcV4Yo6l2aWFpd9YXaT0JbYkeashbOHysnGyUeGS6bCKeOPkshjEZ3ZlFj5g7/FRc5N5bOOTby2SoIWMaGsaGtGwAAHyCi229yLeSv4hnpWxH1oAxHQ5mF7R1Ngcvmp1qWfh5ISuVW7ZneG8Gwh8olpml7mG4P0jmNPTN2bi6vtsuSxInHrPFWIv9jS41U08bQ+oaC0e8WF4b1NgcqzwUm8RITtVay2duF4lFUM5kTi5mwdlLQfK4Fx1CSi4vDELIzWUVXFvCsNczXsTNHYlA26OHvN6fJTqulW/QvrscGZ/gLhmvo6h5kLGwEEOaH5g8+65ot2T1OttFf1Ftc4rHJbdZCa25PQbrGZhdAc3QBAEAQBAEAQBAEAQBAEAQBAEAQBAEBnuPYw6hmDtjy/h22i466q7p/qIy9Ys0y/zuZz0d1LqaoqMOkPsOLo+vjbzBDvmruoSlFWIz9FJ1zlTL7Gm4trHNhbFGfpal7YmeIze0791gJWepJvL4Rrvl8OlcvYyvotp2x1FcxuzHNY2+9g54H5LV1bbjEwf+Pio2TS/zk0lTjsstS6lpAwujAM0r7lrL7NDRYvd8QAsyrSjqkbZXSlNwr5Xc+MXxWqogJZsk1PcCRzGFj476ZstyHtv5FdhCM9lszk52VfFN5XsccYY7NTU7KiDlvY4sFnA65tnAgrtNanLTI51N0q4a48GghbJkAc5ue2pANr+V72+KpeMmhatO/JTYJWVczZ8xhDo5Hxss11iW27Tru2N9grJqMWimuVkk8422IHBnGBqnOhna2OYDM0C9nt8W31v/ACU76NCyuCvpeq8X4ZclliNZUtq4IWGLlzCQkuaS5uQAkCxsb3UIxi4N90WzlNWKKxhkV9fXuE8reQyOJ0oYHNeXODL6nUAXsVJRr2W+WQlO7DksYWeSFh+NYjPRirjFObtc7lZX37JNwHZt9PBSlCuM9LyQhbdOGtYwWnFePmkphKxud7suVtj9pxNtgGglV1Va5YLb7/Dr1dy5oapssbJGG7XtDh5EXVclh4ZfGSlFNGbxXGqqOvhpW8ktmBcHFrrtAvcWDrH2eiujXF1uXkZbLpxuVaxudXFXE09DNFdjJIHgl9g4PaAQCd7EXcF2qqNkX5nL+olTJd0aKWpMkHMgcw3ZmY4i7TpfuIVKjiWJGly1Q1QImASyVVI184Yecy5a0EANcPZNybqU0oTwuxCpuyvMu5kuAZXUdZPh8h0JL4799vDzZY/ArT1C1wViMXRvwrZUv7Gl40eXwtpmGz6p4iHRu8jvgwH5qinnU+xs6jeOhd9ibi73wUznQZByWEhrgSLNHs6EW2UIYlPEu5KxuEG49itwjFaqag9a+iD3Mc9rcrsoAvoTmuSbKcoRjPSVwsnKnWdPDeJV1ZTsnDqdgfm7PLe61iRvnHgpWQrhLTuQpsuthqTX4/8ApKNXXiCclkXOicclg7JI0NDtNbg6keYUUoal5Ms1WqEvNfudeDYzPVUHrEfL51nnJldlu2/Y3vfTfqk4RjZpfByu2dlOtcnfwbjT6ymEz8ocXOa5rQRlI7jc3PcVy6CrlpRLprXbDUzu4frp5nTF5jMccj42FrSC7LuTc20N26eC5ZFRxjk7TOUm2+OC6VZeEAQBAEAQBAEAQBAEAQBAEAQBAUHHP9Sl/wDF/mMV1H1EZur+jL/O5m/SRSOp5oMRiHaY4Nk6/Vv5glvxCu6aWpOt9zN1sXCUbo9uS4wOYVtW6rbrDC0RQ9XOAdI78mfAqma8OOjv3NFUlbPxFwtkU3o0/rWIfeD+ORX9V8kDL0P1bPf+WSvRvpLXh3t+sG/ja7rfzUOp+WBb0WdU885Lvjkj1Cpv/du/4/FVUfURf1X0ZGRx4O/QdNm3vBv4XNvwstNePHeDDdn9JHJ6W0rCeqik4WOlT/3U/wCYVtvb2RT0/EvdmYZw66ow+mmgOSqgaXRuGl7Occh/l/yVf4uixp8MxxodlEZR+ZErA+IBWT0hcMs0YqWys2IdlbrbwNv5KM69EZY4eMFlV6tnDPKzk1mND+jzfdyfwlZ4fMjXb9OXsyk9Gv8AZtP5O/iKt6n6rKOi+ivuR62vZJVTcyOaSKON0DeXE54Jd+tNxsfZZ8Cuxi1FYe/JCdkXY8ptLbZZ9zo9G1aWtlonl2ancSwPBa4xuNxcHax/MLvUx3U13OdFPZ1vsfWPf2zQ/dyf612v6Ejlv+6h7f8AstcTgbJXRMeA5rqaoDgdiC6PRVxbVba80XzSdyT8n/BmqOV+EzupZSTRz5uTIfccfdce7r8/FXNK5al8y5Myb6aWiXyvg1vBv9RpvumfkqLvqM1dL9GPsZf0m0TonQV8Q7cT2h/le7Sfjdv7yu6aWU633MvXQcXG6PKLbA6llbVGqbrHDG2OP7bwHSHzAys+aqmvDjp8zRVJXT8RcLj+S54k/qlR91J/CVCr50W3/Tl7FHwp/Y7PuJP9Stt+s/cop/232f8AJX+j+mq3UERiqI2N7dmuhzkdo9+cX112U+pcFY8oq6ONjqWl457epqeG4ZGU0bJf1gBz9Tc3Pkd1nsxq+Hg2UpqCUuTE0Va+gnrqRu8ln0wv70hDQB8XA/ulapR8SMZ/kwRm6ZzrXfg+aSoOE1FVT6lskTZIL6l0lsoHUlx/BGvGjF+XIjL9NOUPNbe5vsCoORTxxd7WjMfFx1cfi4krJOWqTZ6FUNEFEnqJYEAQBAEAQBAEAQBAEAQBAEAQBAUHFmF1NVGYYnxxsdlzOcHOdcOvYAaW0CtqnGDyzPfXOxaVjB31OHSVFLJBUmMue0tvGCB0dZ2oIOqipqM04knXKdbhPn0GG4W6lpWQwZM7GgXffKT7zjbXU3KSnrk3IQrddajApOGOGKqjmkk5sLxO4GQZXAjUns6/tHdXW3RnFLHBno6eyqbllb8llW4C9tQaqle1krhlkY8ExyW2LratcPEX8lXGz4dMi6dTU9cHv+x1YhgtRWWZVPjZACHOjhLiZLbB73AWbfWwHxXY2RhvDn1IuudixZjHoWOOYJFVU7qd3ZaQMpb7pb7JHkoV2OEtRbbUrIaCDSU2JsY2MyUrg0BolIkzEDS5YNC796yk3W99ytRvW237k6kw98EHLhLXSXLi+S9nOcbuc4N8SSbDyUXPVLMiag4QxDn1OrhfDpqeBsMro3hmjXMDgSLk9oHz7l2ySlLKOUVyhHS+DpPDbBXNrI7NJY9sjbe0Tazh10sV3xXo0M5+nXiqxfcsMahlkidHEWAvBaS+9gCCLgDcqEGk8sstjKUWolVw7hNVSUvq4fC4sBEbrPG5uc4+PcrLJwnPUU012V16U0TuGcNkp4BFIWuc0uJc24zEnMXOB94klQskpSyi2mDhHSyrreH6k1wrInwsytyFpDjnb+0RsfLwCsjZBV6GUSpn4viJo4xPAquSsiq2vgHJDmsYQ83Bv7R7jr3BI2RUHDzOWU2StVixt7kupw+rdVx1AdCGxtczIQ+5Di0k37jduijqiouJZKFniKe22xOx/B4quF0Mg0I0Pe09zh1ChXNweUW21KyOlnZgdG6GniicQTGxrSRsbC1xdJy1SbFUNEFHyOzFaBs8MkLtpGlvlfY/A6pCWmSZ2yCnFxfch8LYR6pTRw6FzR2iNi46krtk9cnIhRV4UFE7cfpZZYXRRFgLw5pL7mwItcAbnVK2ovLO3RlKLjEqcMwarhovVQ+AlrSxr7PHZN7lw8ddLFTlOEp6imNVkatCx+58cP4PXUkDYGPpnNZexc2QHUk62Nu9SsnXOWrc5VVdVHTFr9yxwXD6hkkstRIx75MoaGNLWsaL9kAknUklVTkmkoourhJNyk92fOIcPslrIKo2vC14t439k/u3PzXVa1Bx8zk6FK2NnkcY1w+2oqKackXp3OJBHtAjQfBwB+a7C1xi4+YsoU5Rk+xeBVF5ygCAIAgCAIAgCAIAgCAIAgCAIAgCAIDzrjjGqyjqGGKVzoy0SPY5rTYZ8pF7XANwFsorhZF5W55fVXWUzWl5XJvKGrZNGyVhu17Q4HoVkksPDPSjJSjlGM9InElRBZlM7KYw18rrA2DiWsbr3kgnyC09NVGe8jF1t84bQ+5ocNrmRRR+sVIL3sa8mQtZuNcoFhZUyi3J6UaK5qMVrluSG49SE2FRDc/9Rv8AuueFPyJK+t/8l+T6lxulaSHTxAg2ILwCD5XXFCT4Qd0I8sk01VHIM0b2vHi1wcPwXGmuScZKXDI7sYpg7KZow69suYXv4W3XdEsZwR8WGcZO2txCGEAyyMYDtmcBfyvuuKLfB2U4w3bPikxWnlty5o3XJAAcCdNTpvsuuElyjkbIS4ZJmma0AucGgkAXNtToB5kriWSbaXJzJI1oLibAaknuXEg3hEamxOCQ5Y5WPda9muDtPguuMlyiKsi3hMmFcJmSx7iKY1LaGjDTORd8j9Wxjc3A3NvzCvrrWnXPgyW3vxFXXz39Cc3BKgNv6/PzPrZY8t/sZdvjfqouyP8ASTVM/wCt5IvDuIVDH1QrZGjlOjAcBkZlLdHDwv33O6lZGLUXBckKZzTl4j4wXLcbpSQ0VENz3cxv+6r8OXkX+NXnGpFgoFiK6bHKVrix08YcDYgvGh8D4FS0SfYqd0E8NkmprYowHPe1rTsXEAH4lcSb2ROU4x3bOKetikaXMe1zRe5abgW6hHFrZhTjJZTI4xul358VvtjTz10UvDl5EPGr/qOynxankdlZNE53gHtJ+V1xwkux1WwlwybZRLDlAEAQBAEAQBAEAQBAEAQBAEAQBAEAQBAZTGaJs9dyX+zJRStP/sZY/A6q+EtNefUyWQU7tL7x/kqPR7ixp2VFJUnKaTO65+oPat0B1/eVvUw1NTj3KOis0KVcv+JX8VU7v0W+ok/WVU8cpH1WnSNnwYB8SVKmX+qorhIr6lP9PqfLZa8eNH6PpSQDaSm7r+7rZQo+rJe5b1eFTFv0/sWmJYhRzZIDC53OeGdqF8dtzmDnMABGXRVxhNfFktnZXL4UuduMELkNOOOu0H+ig7DfNup5fgfchpX6r7HHHVE2ljFdTgRSxvZnydkSNJALXgaO/Ncpbm9EtzvVRVS8SGzR1ylhxmKTKNaNz9h47+a7v4LXqceP1KfoffAcYqjNXTAPkfI5kebXlsHusB9nfW265f8ABiEf+zvSf6ubJb7/AINDUYFG6piqWhrZI84JDRdzXNIyk9DqqVY1FxZolUnNTW2P3KXjOllrM0EJI5DBMSO+S/0bPkC7/CraWofE++xT1MZWfDHtuXfDWKirpo5rauFnDwcNHD5hVWx0SaL6bPErTKP0fRtDq6zQLVcg0FvDTyV3UZxH2M3RrefubG6zG4844D1xSuL/AG7yf5mv5Bbb/pRweV0e/UTzyehVGfKcmXN3Zr2+NtViWO56bzjYynD+P1FXLURSRQtbBdshBLi49oAC+ltO9aLKowSafJjqunY5RaWxnuF6+iGGinla2SV/ODYQzM9xubZbD8e5X2xn4upcGfp51+BiW7eexLrpqujweKN7nNnkc2K97uYHEm1/ENFlXFRna2uCycrKqEnyza0ODwRQiFsbOWG2ILQb+Jdf2ie+6zSnJvOTbGqCjpwYVsmSDFaLeOBrnRA65GuBOUX7h3eC14+KE/MwOWI21+Rs+EGAUVNYAfQx937IWa7ex+5t6b6UfYzlbAz1LFbNb+tn7vBrLK9N64exlaXh2+7/AIIGIVFJJhkULAySp5cQjbGLyNfpr2dWW1uSpJSVrb47kHKEqFGPzehvsGZK2CITG8oYwPP7VhfzWSeNTxwejWpKC1ck1RJhAEAQBAEAQBAEAQBAEAQBAEAQBAEAQGQnr3/pFsgpqgxNhdEX8p1sxeDcDct7O9loUV4WMrzMLm/H1aXjGOCJxPwm6avhlYDy5ezUW0Fm62PRwGX4KVd2mtp/Yjf0rncpLh8nb6So5Jqf1eGCWR5cx3ZjJaAL+9tfoudK1GWqTO9dmUNEU39iJxO6Weip42U1RzGSQlzTE4WDBrrselipVJRm22vyQvbnVGKi8r0LzEceuy7aOqkeNWNMDmjN3El2g81VGrflfkvlfqW0Hn2KaN87MS58kE7minbG57InEF+hOUb5eqtwnVpTXPmUpyjfrcXxjhk3GoJ8SywCF8NNma6V8oDXvANwxjLkjXcmyhBxq3zlltilelHGF6nTO1/6WZKIJuS2AxF/KdluT5XLeuykseDjO5B/XT0vHHBzgVPNhskkLopJaaR5fFJE0yFl92PYO13DUArk2rUnnDR2qMqG44yn5bl6MXe4ksgm5bAS5zmOaTpo2OMjM8k+IAVXhruy/wAVt5UXj2/sirwXAop2GeoikE0r3OeHF8Zbr2WWBAIa0AXCnOxxeI8FVdMZrVNPP3RD4ZjfR1VTC2Gb1V7s8buW8hrrdpo0vY9x6KVmLIKWdyFGarJRw9PbZnzwpVvp3VRkpqoc2ofIy0Ljdp2vbY9FK2Knpw1svMj083Xq1Re7zwaHCcRmnlkJhkihY1obzWZXPcdS4DuaBYeaonBRXOWa65ynLOML1KPG+HqiGr9fo2h7j+thJy5wdCWna5sDr3i6thZFw0TM9lEo2eLX90W0XEwLbmlrA76nq7yfmBlPzVfheq/Jcuo2y4v8Mp+E6CeA1tTNE9ondmZGBnktd27W317QVtsoy0xT4KKISr1zkue3LIGA8Nunw5sEjJIKiFz3xvc0tyuLiRZ2xB77KVlumzUt0yuihunS1iS4ZOlpajEKJ1PURPhqYyCHuacjnNOjmuGlj3+d1BONc9UXsWuMrq9E1iSLqlxx4i+lpqhsrQA5jYnPBPix7RkIPiSOtlW61nZrBcrmlhxefb+eCswzhmV0VY+azJq7N2RryxYhrSRuRfWynK1KUccIrh07cZ6uZHbw5ikkFMyGemqBJC0MOSJ0jXW0BY9t22I8SFyyOqWpNbnarHXBQlF7emTqxOilbQVQMTzLVOlcI2DOWl9gGkt00AFztddjJOyPoRnBxqltvJv15LfhJtqWJpjdG9jGteHsLTcCx33HUKFzzN7lvTr4Fth+xcqo0HKAIAgCAIAgCAIAgCAIAgCAIAgCAIAgCAIAgCAIAgCAIAgCAIAgCAIAgCAIAgCAIAgCAIAgCAIAgCAIAgCAIAgCAIAgCAIAgCAIAgCAIAgCAIAgCAIAgCAIAgCAIAgCAIAgCAIAgCAIAgCAIAgCAIAgCAIAgCAIAgCAIAgCAIAgCAIAgCAIAgCAIAgCAIAgCAIAgCAIAgCAIAgCAIAgCAIAgCAIAgCAIAgCAIAgCAIAgCAIAgCAIAgP/9k=",3,30000
Colarado,New West Physicians,39.5736,-105.00731,"data:image/jpeg;base64,/9j/4AAQSkZJRgABAQAAAQABAAD/2wCEAAkGBxIQEhISEBAVFRUWFxUXGRUYFRUYGRoeFxgYGBcXGBcYHSggHx4lGxkXITEhJSkrLi4uFx8zODMtNygtLisBCgoKDg0OGxAQGi0lHyUtLS0tLS0tLi0tLS0tLS0tLS0tLS0tLS0tLS0tLS0tLS0tLS0tLS0tLS0tLS0tLS0tLf/AABEIAKUBMQMBEQACEQEDEQH/xAAcAAABBQEBAQAAAAAAAAAAAAAAAQMEBQYCBwj/xABNEAABAwIDAwYJCQUGBQUBAAABAAIDBBEFEiEGEzFBUWFxgZEHFiIyVaGxstIUMzRCUnJzksEjNVR0ghUkYtHT4UNTovDxJYOTs8IX/8QAGgEBAQADAQEAAAAAAAAAAAAAAAECAwQFBv/EADURAAIBAgQCCAQGAgMAAAAAAAABAgMRBBIhMRNBFDJRUmFxodEiM4GRBVNyscHwNPEjQuH/2gAMAwEAAhEDEQA/APcEAIAQAgBAIgBACAEAIBUAIAQAgBACAEAIAQAgBACAEAIAQAgBACAEAIAQAgBACAEAIAQAgBACAEAl0AKAS6AEAXQBdACAEAIAQCoAQBdUBdACAEAIAQAgC6AEAigBACAEAqAFQCAEAIAQAgFQAgBACAEAIBEAhKgOSUAmZCiZkAZlAGZUC3QBdALdCBdAF0AXQC3QBdALdACAEAIAugEugEugC6ALoAugC6ALoBboBboAQAgC6ALoAugBAKqBUAIBCgOSVAckoUqKvaSkicWSVMbXDiM3DuQ1Sr04uzkhjxsof4uLvUsydIpd5B42UP8AFxd6WY6RS7yDxsof4uLvSzHSKXeQeNlD/Fxd6WY6RS7yHabaSkkcGMqoy48Bm496aljXpydlJFrdDaM1NayO28eG34XUcktwlc5p8RikOVkjXHjYKKcXsytNEnMsiEWbE4WEtfI0EcQVi5xWjZUmyRFMHAOabg6ghZJ3IOZkAZlQLdAF0AXQBdAJmUBU1O0tHG5zJKmNrmmxaTqDzFWxqdemnZyRNoq6OZgfE8Pab2cOGnFQzjJSV0yPiONU9OQ2eZkZcLgONrjhdDGdWEOs7Bh2MwVBcIJmSFtiQ03tfgghVhPqu5IrK1kLC+V4Y0cXHgEMpSUVdkKl2kpJXtjjqY3OcbBoOp5dFTCNenJ2UkWocobRcyAW6oC6ALoBMygFuqBQUIdBAKFQKgOSoDlxQGX8IGISQUbzCSHvcyMEaEZzY26bXHai3OfFTlGm8u70MVXuo8KDIXUkdVUOaHyOlALRm4AZgfZ2q6s4pcLD2i45pc7kLxxp/Q9H+Rn+mmUx6XD8tf36B440/oej/Iz/AE0y+I6XD8tf36B440/oej/Iz/TTL4jpcPy1/foHjjT+h6P8jP8ATTKOlw/LX9+hNw19Hi2eD5HHTT5S6N0QABy62IAAPaE1RnDhYi8ctnysa/we4hJNSASkufFI+EuPE5LEXPLo4C/QsZHXg5ylT+LdOw5tj5sXWfYubEbI7qe5m6ad0bmvabFpuP8ALqXMm07o2NXN/Q1bZWNe3l5OY8oXfGSkrmhqxjdofpEnWPYuOr12bobGrwI/3eL7oXXT6qNMtyRNXRsNnyMaeYuF+5ZOSW7FmdwVTH+Y9rupwPsRST2ZLHTqho0L2g8xICt0LHTJAdQQRzg3S4ODUsHF7fzBMyFhzNy3VA18pZ9tv5gscyFmeR+FSg3dYJQNJWA9rfJPqyrbE8bHwtUzdpofBHX5oZoSfm3hwHQ//cFYyOn8PneDj2fyZnwn1e8rXNvcRsa3qPnEd5WUdjlx0r1bdh14Lq3d1uQmwlY5vaPKHsUlsXAStVt2mm8LVdlp4oQdZH3I6GC/tIUjudX4hO0FHtM94KqDPVulI0iYbfedoLdmbvVkc2Ahepm7D1CrxmnhOWWoiY77LntB7r3WJ6sqsI6NodosShnuYZmSW45HtdbrsdELGcZdV3JV0MiFWYxTwm0tREw8zpGg9xN0MJVIR3aEpMappTliqYnu+y2RpPYL3QkasJaJolS1DGee9rb/AGnAe1DNtLc8DxLEpt9NaeS28ktaR9rZja2vBbEfP1JyzPV7s93wyrY9kYbI1zsjdA4E+aL8qwPehJNLUngoZHYVAqA5KgG3KFMj4SPosf48PvKo5cX1F5o8/wDCX9Pf+HF7gWUdjzsb85+SMsqcgIAQAgNV4Mf3hH9yT3VjLY7MB876M3Pg5+Zqv5ub3Y1jI7sF1Zfqf8EvbDzY+s+xc2I2R6ENzOx07nNc8cG2v28q5krq5suWezeI7t+Rx8l/qPIe3gttGdnZmM1cj4/8/J2exY1esyx2J9TiToqaFjDZzm3J5QOGnX+i2Sm4wSRio3ZWUGGyTklgFhxc46X9pK1Rg5bGTaRxUU8lO8B3kuGoIPrBRpwYumh7FZd6I5TxIyu62/5gqzea0hHTQudlKq0cjT9Q5uwj/MFbqEvhaMJrUzMr8zi48pJ71zN3dzYaqjrv7kXX1a1zO3gPUQuqM/8AjuamviM9g9PvJo2/4gT1DVc9NXkjZJ2RJ8K1DvKVsoGsTxfqdofXbvXox3PLx8L083YZDwZV26rQ0nSVj29FwM4P/SR/UrLY4sDPLVt2/wCyjxioNTVSvbqZJDl6bnK39FktEaKss9Rtc2Jg9QaeqiedDHIM3RY5Xeq6PVClJ06ib5M0HhRr97WBgOkUbR2v8s+os7ljHY6MfPNVt2IjUmLPoqEMiJbLUuc4vB1axvkCx4gkh2vQUtdmMarpUbR3l+xCwDZmori4wtbYcXvJDbnkuAST2Kt2NdHDzq9X7jFfQVGHzgPvHI3ymuadCOdpHEdCqdzGdOdGeujN5iu2Mj8LZNGcsr3iFxH1SAXOI6wNPvLBLU9Cpim8OpLd6GG2fwKWvlcyN7A4DM4vcbm55OJJWTdjgo0ZVZWXqObR7Mz0LmiUBwdfK9lyNOIOlwUTuWth50naRe0tHVYxSxsDmZ6d5aXSOcC5paMvBpuRwupezOmMKmIpJc12mMniLHOYbXa4tNuFwbGyyOBqzsenbBbHVFJUNqJHRFhjcLNc4u8sAjQtA9axbuephcLOnPO7bHo7VD0TsIQVUCFQDTlCmR8JH0aP8eH3kRy4vqLzR5/4Svpz/wAOL3As47HnY35z8kZdU5AQAgBAarwZfvCP7knurGWx2YD530ZufBz8zVfzc3uxrGR3YLqy/U/4JW2Hmx9Z9i5sRsj0IbjOybA7fAi4IAI67rGgr3LMq8VoTBIW8nFp5wtU4ZXYyi7ojzzF5zO46erRYt31KlYdrj83+Gz9f91lLl5EQ/Qy1LW/sc+Uk8BcX5VYuaWgduYVUdTLbeMe63DyUkpy3CcUOMon/J5czS3K5rhcW6D6texZZHkdyX1IlFVbvef42Fvfax9qwjK1zJq4yyElrnAaNtftNgsUtLi48yrIhdF9pwd3DX9FkpfDYltblxshT3c+TmGUdvFbaC1bMZsu8boflFPND9tjmjoJHknsNiuo56sM8HHtPAaaZ8T2vb5L2G46CFtPnoycXdboudhKPe10DeRpLz1MF/8AJSWxvwkM1ZI422o9zW1DbWBdmHU8B36pHYmKhlqyRVVM75pC5xLnvI7TwA9gVNMpOcrvdl1tvSbieOHkjghYDz2Bue12ZSJvxUck1HsSO8DqsSZEBSCXd3NsrARc8dbI7cy0pYhRtTvY5xSkxKqLTPDM8tFgSzhfXkCJpCpDEVNZJs0GymzEs9JVU9Qx8V3xvjLgRZ2VwJtyjQA9axb1OjD4aU6coTVtdDNYlsxW0jruifpwkjuR1gt1HqWWZM5Z4arTd7fVDlFtjWQ2aZBIB9WVod2XOqZUWOLqx0vfzPS9jNpI65jrRiORls7RwN+DgebjoVg1Y9TDYhVU9LNHjuJ/Pzfiye+VsR4tTrvzZ9CYf81F9xnuhaz6GPVRLaqZHYQgqoOSoBtyhTI+Ej6NH+PD7yI5cX1F5o8/8JX05/4cXuBZx2POxvzn5Iy6pyAgBAPUdHJM4MiY57jyNF+08w6UvYyjCU3aKuzV+D6jkhxJjJWOY4Mk0It9Xk51jJ6HZg4ShXtJW0ZsvBx8zVfzc3uxrGR2YLqy/U/4Je2Pmx9Z9i5sRsj0Ibjex3GXqb+qmH5lqFrjeH7+Mgec3Vp/TtW2pDMjCLszDkW0K4TeW+IURMEErRezA13VckH1lbpx+FSME9WjjCMZdAC0tzNJva9iD0KU6uXQSjcK7HZZHXYTGOYH1kpKrJvTQKKL/Cad7oTv3OcZAdCeAIsuiCbj8XMwk9dDHSMLSWniCR3aLjasbTQ4NQ5qWXnkvb+nh67ropwvB+Jrk/iM4uY2m32cp8kDNNXXce3h6rLuoxtE0SepZrYYnhe3FBuK2dttHO3g6n6n13WxbHg4qGSq19TR+CGivJUTEea1sY63HM71Nb3qTOn8Oh8UpfQb8LlFlngmA0ewsPWw317HD8qQJ+IQtNS7V+xQbD4fv62Fp4NO8PUzUeuystjnwsM9VL6mr8K2CucWVTASA3I+3IASWu6tSFjF8js/EKTdqi+pQbI7aPoWmJ0e8jJuBmyuaTxsbEEdHrWTjc5sPi3SWW10GN7dVVRIHQvdA0CwYxxN+km2p7FFFFqY2pN/DoWeMYfiHyCKoknmMgc9zm5nXbG8Ny3A5i2/9fQitc21YV+Cptu/8FXsrtnJRvcZc0zHgXBecwtwLb6cvBVxuacPi5U3rqhNsdp4q4MEdNuy03zkjMdPNs0cOXiiVhicRGra0beJovBFQPAnnIIY4NY3pykknp42WMjp/D4NJy7Tz/E/n5vxZPfKzR51TrvzZ9CYd81H9xnuhaz6GOyJjVSnSAVUHJUA25QpkfCR9Gj/AB4feRHLi+ovNGF2/pZJsRcyJjnuLItGgk+aO4dKyjscGLjKVe0VfREOq2Jro2B5hzcpa0hzh1tH6XVzIwlg60VexQsge5+7axxfe2QA5r82XjdU5km3ZLU2mDbAOtvK6TdM+wCMx6CeA7LrXKokejR/D5S1n9jRx10NM3d0ULYxyvtdx6TfUnpK5Z129j1aVCFNWSLHA8T30rGysa54Dsslhcaa9VxzK0qrbszKUFuR/Bx8zVfzc3uxrpkcGC6sv1P+DSVlDHNYSNzW4auHsIWEoKW52ptCUWHRQ33bMt+PlOPDrJSMIx2Dk2SlkQr58Fge4udFcniczx6gbLW6UW7tGSk0S4adrGhjR5IFgNTp2rNJJWJcgT4BA83yFv3SQO7gtbowfIudndJgkEZBDLkcC4k+rh6lY0ooOTZY2WwxK+bBIHuLnR3JNyczx6g5a3Si3doyUmTIIGsaGsFgNAP/ACs0rKyJcguwGmJJMXH/AByfEsODDsLnZYsYGgACwAAA6AtiRidWQFRi+zNJVvD6iHO4CwOeRunN5DhdW9jTUoU6jvJEjCMHgpGFlPHkaXZiMz3XNgL3eSeACjZlTpxpq0UJjGCwVjWsqI84acw8p7bG1uLCDwPBBUpQqK0lcj4RszSUji+nhyOIsTnkdpzeW42VuSnQp03eKLV7A4EOAIOhB1B6CFDbuZqt2BoJSXbksJ/5b3NHY3UDsCuZnLLBUZcreQ/hOxlFTOD2Q5njg57i8jpAPkg9Nro22ZU8LSg7pal+W30IUOgzmIbDUMzi4w5HHiY3Fl/6fN9St2c08HRk72+wzS+D6gYQTE59uR8jiO4WB7UzMxjgqK5GoiiawBrWhrQLAAWAHMAFDqSSVkZWfwd0T3Oe7e3c4uNpBa5Nz9VZZmcjwNJu+v3NdBGGtDRwAAHYLKHWlYeCoO1QCAQqAacoUyPhI+jR/jw+8iOXF9ReaHMYxd0LyyNjQ4ht321Omnd0rmq1XF2R2wgtyoixedrs28J6DqO7k7FpVSSe5syomnaA2zCFgktYvtye3sutnHdtjDhq9ypqKh8hzPcXHp/TmWhyb3NiVhpQpa7MfSGdTvYttHrmE9iR4OPmar+bm92Nd0jzcF1Zfqf8EzbvEpaWjfLC7K8OYAbA8TroUW5sxVSUKblHcgMw3FyAf7Qi1ANt03rtwV0Nap4jv+h3hOP1MVS2jxBjA6QfspWea63IRz6d6W7C0604z4dVavZokYlisrMTpadr7RSROc5thqQX63tfkCnIynUkq0YrZo0yh0mclxOUYqymD/2Rpt4W2HnZ3C97X4AK8jnc5cfJfS1/UiY9jFRQ1cb5X5qOXyT5Lf2TjbUkC9uXXpVSujXVqzpVE31X6GtBBFwQRxvydd1idhlKHGJ62uc2nflpYNHvDWneO+yCf05B0hZWsjkjVlUq2j1Vv4s62gxmodUsoqENEhbnfK8XDG8lhylEubFWrNz4dPfmxiagxiHy2VkdRbjE6JrL9RAGvamhHDEx1Uk/C1jS0FRI+Bskse7kLMzmXvlNuF1Dpi243asyo8H+KS1VIJZ35n53i9gNBa2gFlXuacJUlOmpS3I+P7STb8UWHxiSe13ud5kY01d3jvHEmyJc2Y1a8s/Dpq8v2GnYPi9swxJhdxyblgb1Zst+1NCcLEW6/oWey+JVUu8jrKYxvjIGceY++vk9nNcaqNI2UKlSV1ONmvsyNsvis01TiEcj7tilLWCwFhmcLXA14DijRKNSUpzT5M0yh0nnr9sZxWCS/wDcd9uCbC17efm48deawWVtDznip8W//S9v/T0FYnomO8IGO1FG+j+T65zLmZlDs+TdWHC40c7hzrJK5xYutOm45PHTt2NHgeLR1kLJojo7iOVpHFp6R/keVR6HTSqRqRzRKjbbFZqb5JuX5d5UMY7QG7TxGoRGrE1JQy5XuybtXjfyKAyhuZ5IYxvO48L9CJXM69XhQzFQzDMYe3O6vjjcdd0Imlo/w5iLq6GlU8Q1fPbwsXGzFRWu3jK6JjSywbIw6SX42HRpr0pobaMqruqi+vaX4Q3HSAVUCFQDblCmR8JH0WP8eH3lUcuL6i80QdpPnz91nuhcFbrnoQ6pVrUZggBACAtdmPpDOp3sW2j1zCexI8HHzNV/Nze7Gu+R5uC6sv1P+BfCgP8A0+T77Pakdy475L+hMj2xoA0Xq49Gj7R4DoCmVmSxVG3WKMVn9qV9M+mY7cUxL3TEFoceIDb66kAW6yrsjRn49WLhsuYm2FVJDilI+KEyvELrRt4nypL2RbFxEnGvFpX0J/jRXeiJu/8A2Sxn0ip+Wyvwiulnxhj5qd0DhSubkdxIDnEO6iSR2JyMKc5SxF5K3w/ybXFcOjqYnwyi7Xi3SOYjpCh2VIKcXFnnIxOthYcIDSZy4MZKOG6P1ujS+vIL8oWVluebxKsVwP8Atyfgeg4FhMdHCyGMaNGp5XHlJWLPRpU1TiooodpMEqm1La6gLXSBuR8TiAHAcxOnZpwVT5HPWpVFPi09+aGW7cPhIFfQzQ87wMzev/wSlidLcfmQaNVFVMmi3kTg5jmkhw4EWUOpSUo3WxmPBV+7x+JJ+istzmwPyV9RnwXtD2VU7tZJJnZjy6ages96SMcDqpSe7Zt1DuBAYzYn6biv45956rOPD/MqeZZ7cYsaWleWfOSfs4wON3aXHUP0RI2Yqrkpu270RF8VW/2Z8i0z5M17/wDF869+bNp1JfW5h0dcDh/25I2FxU1NK0P+diO6kB4gt0Hqso0Z4WpnhrutGQdrx/f8I/En9kSLYwr/ADaf1IWIwuwepNTE0mkmIErB/wAN32gOb/ccyu5rmnh6mddV7+A94QpWvbhz2EOa6pjII4EHUEIjLFtNQa7UXm1+BGupzG12R4cHsceFxyG2tj0KJ2N2IpcWFluUce0mI0otWYe6QNGssRBvblNrj2K2RoVetDrwv4o0mz20VPXNJgcczfOY4We3rHN0hLWOilXhVXwlyENp0gFVAhUBw5CmZ2/w+SejeItXsc2QDnyG5A6bX7kW5zYqEpU3l3WpQU2L0te1j3Ttgna0NkY/S5HKLkX/AO+C01aGZ3MsPjYSjq7PsHfkEH8dD3j4lq6O+06Okw7V9w+QQfx0PePiTo77R0mHavuHyCD+Oh7x8SdHfaOkw7V9w+QQfx0PePiTo77R0mHavuNz4tS4e10gnbPMQQyNnOeU6nTp9q2U6GV3NFfGwjHR3fYXHg9w6SCkvMLPlkfMWniM2UAHsaD2rezXhISjT+Ldu4z4Uf3fJ95ntSO5Md8l/QuabA6XK0/Jor2H1BzKG6NKFtiyiia0Wa0NHMAAO4IbErGOxn99UP4L/bIryOSp/kQ8mbNQ7DITfvyP+TP/ANj1eRyP/KX6f5NgodZi6j9+xfy7vYVeRxP/ACl5G0UO0zOJ7XNpagxVML44iBkntmaTy3A4D184CtjmniVTnlmrLtExna2g3D7zxy5mkCNpzOcSNBl5EsyVMTSyvW5xsDRSQ4e0StLS7ePDTxDXcARyc/aj3JhIONGz8RjwU/QG/iSfoktyYH5K+pXukfg1XK97HOo6h2bM0X3bjzjt7rc2t3Nbbw1Rt9V+jNE7bKgDM/yuO1r2B8r8vFY2Z09KpWvmR1s1j7q0yubTvZC0gRyO0z8/k8nPyjVVqwo1nVu7WXJ9pUbE/TcV/HPvPRmrD/MqeZExKkGLYg+Ivc2ClFi5hAJkJ1sbcnD+npV2RrnHpFZxvpH9yf8A/wA/h/iqv/5v9lLmzoce9L7lbQ0gwjEI4w5xgqm5czzch4NwSdNbm3U5XdGuEej1kuUv3LHbD6fhH4k/siUWxtr/ADqfmzV1dMyVjo5GhzXAgg8oKh1SipKzPJscop6Oamo3nNAKlkkLzxsXAFnZf9eVZbnkVIzpyjTe17r2PRtpsafRsZI2nfMzNZ5adWN5XW5T6ukLFI9KtVdNXSv2jNLtpQPbmFUxunBxyu6rHVLMxjiqTV8xSbJubU4nU1dOzLT7rd5rZQ9xLbkD+knu51k9jRQtOu6kdrW8zfhQ7jtAKqBFAcFAcOChSorNnKSZxdJSxOceLiwXPWUuapUacndxRG8UKD+Ei/Kl2Y9Gpd1CeKFB/CRflS7L0al3UHihQfwkX5Uux0al3UL4oUH8JF+VLsnRqXdQ/R7N0kTg+Olia4cHZBcdR5EuzKNCnF3UUWwCG0bqKdkjcsjQ5vMQCO4oRpNWY6AhRbIBp9KwuDyxpeBYOsLgcwPaUJlV7jtkKNGmZn3mQZ7Zc1hmtzX5kJZXuO2Qo0aVmfeZG57WzWGa3NdCZVe47ZCjc0LXgte0OB5CAR60I0nuQafAaWN2dlLE132hG0HvsmpgqVNO6ivsWBCGwbp6ZkYyxsa1vGzQAO4IRJLRHb4w4EOAIPEEXCFepWt2dow7MKSEO433bb+xU1cGnvlX2LNrQBYCw5lDaNxUzGFzmMa0uN3EAAk8550IklqhIKVkd8jGtubmwAuec2QKKWyHkKM1FKyS28Y11jcXANjzi6EcU90LLTMcWucxpc25aSAS29r2PJwHcgaTd2OoUanpmSWzsa6xuLgGx5xdCNJ7odshSvmwCkkdmfSwudzmNpPsVNbo027uK+xYwxNYA1rQ0DgALDuChmlbYdCoOgqBUAhQHJUBCxSrdDGXshfMQQMjMuY35fKIGihJycVdK5SHaOf0XU98PxIauNLuP09xPGOf0XU98XxIONLuP09xPGOf0XU98XxJYcaXcfp7h4xz+i6nvi+JLDjS7j9PcXxjn9F1PfF8SWHGl3H6e4eMc/oup74viQcaXcfp7h4xz+i6nvh+JLDjS7j9PcXxjn9F1PfD8So40u4/T3Dxkn9F1PfD8SDjS7j9PcXxkn9F1PfD8SDjS7j9PcPGSf0XU98PxIONLuP09w8ZJ/RdT3w/Eg40u4/T3Dxkn9F1PfD8SDjS7j9PcPGSf0XU98PxITjS7j9PcPGSf0XU98PxIONLuP09w8ZJ/RdT3w/EheNLuP09xPGSf0XU98PxIONLuP09w8Y5/RdT3w/Eg40u4/T3Dxjn9F1PfD8SDjS7j9PcPGOf0XU98PxIONLuP09w8Y5/RdT3w/EoONLuP09w8Y5/RdT3w/Eg40u4/T3Dxjn9F1PfD8SDjS7j9PcPGOf0XU98PxIONLuP09xPGSf0XU98XxIONLuP09xfGOf0XU98PxIONLuP09w8Y5/RdT3w/Eg40u4/T3Dxjn9F1PfD8SDjS7j9PcPGOf0XU98PxIONLuP09w8Y5/RdT3w/Eg40u4/T3Dxkn9F1PfD8So40u4/T3FG0k/oup74viQnGl3H6e5Z4NiUk+feUssGXLbeFnlXve2UnhYd4Q2Qm5bpotAhmdBUCoBCgEKgGJ5msAL3NaCQASQNTwGvKUDaW4PNtToAoU5a4EAg3B1BGoKA4inY/Nke12U5XWINiOINuB6EImnsx1CggBACAVACAafVMD2xl7Q9wJa2+pDeJA6EMcyva+o8hkCARACAEAIAQAgGY6ljnPY14LmEB7QdWlwzAEclxqhE09B1CggBACAQlARhiMO63+9ZurX3mYZbA2vm4cdEMc8cua+g5PVMZlzva3O5rG3IGZzvNaOclCuSW48hQQEGtxinheyOWZjHvtlaTqbmw6gTpc8qWMJVYRai3qOUeIRTGRsUjXmN2R4H1XDkP/fIhYzjK9nsSkMjoIDilqWStzRvDm3Iu03FwbEX6DoqYqSkrokBCihUCoBCgEKgM7t3EXUUrhxjyyj/23B/sBRGnEr/jb7NfsRNqq98kUNNTu/bVQAB+yy13vPMLadqIxrzbioR3ZHwzHDDhbJTrJG0wBvKZGOMbBbnNmntTmYwq5aF+a0+uw9Syf2ZTQxFhmqZSTkba8kr/ACnkuPBo18o8gTcqfBppbyfqzqqxiupmiaqpoTCCM5hke58YJtmIcACBfWxSxZVakFmnFW52expWOBAINwQCDzg8CodJnsV2gljqxSQU4lcYg+5dlDSXEeWeRoAvz6q2OadaSqZIq+gkmM1VM5ny2CERPcGb2F73BjnGzc4e0GxOlwhXVnBrOlbtRYVWJllVBTtaDvGSPcbm7QzKPWXKGyU2pqPbcXEcTMU9LC1oO+c8Em/khjC647RbtVE52lGPaZyWWrfigyxQExQuAvI/zJJBZx8nz7A6cOlORzN1HX2Wi7eTZsqpzgxxYAXAEgG9iQNAbKHY720IGEYw2elZUuswZSXj7JbcPb2EEKmunUUoKTK2Lag/J2zvhN5nltPC3z5B9QuvoLgE9A1SxrWI+DM1vsu04qcXxCnZv6ilhMTdXtilcZWN5XWcMpsNTYoJVKsFmlFW52epYY1jO5hiliAfvZIWMvexEp0PPw1Qzq1csU1rdr1HdosTNLA6VrQ4h0bQ0m1y97WfrfsQyqzyRuvAra3Han5W6kpqeN7mxse573ua1ubjmsCbc1tUsapVp8TJFcjQ0+fK3eZc9hmy3y35ct9bdah0K9tTFYDWVL5q80sMZvUvvJK9zWWZ5DWtDQXE2F+YKs4qUpuU8i58y/wfGzI2cVDBFJTkiUZrsADcwe1x+qW66qHRTq3TzaNbkKDF66pbvaWliER8wzyPa+Qfaa1gNgf8VkMVVqzV4xVvHmTcNx9kkMssrTEYS5szD9QtFzrygggg9KWMoVk4tvS25DhxTEJ272CkhbGdWtmkc2Rw5DZoIbfmJCGCqVZK8Yq3i9Rml2mdPHXl0JiFOyxBPlB5jOZp5NHAgHlFirYka7nGV1a3sVGMxTswujgjYwsmZTsddxDs8ha4NAAta51KczTUU1QjGK3t6k7aarnD8OEkLXS79z91G64JY05LOcBYX1J5ACiM60pXhda32RY/2xVQSwtrIYRHM/dtfE97i15BLQ8PA0NjqOZLG3i1IySmlZ9jNGodBicHFRNiNU98MJa0xROJc4loaC4ZARqb2J4WJVexxU88q0m0uSO/GQQwb+KlbmmqnRhjdDJZ5bmv9o2PQlhx8sMyju7eepLqMarYzFE+Cn387iI2iR+Roa3M4yOtx6G3UsbHVqK0WldkuSurBTSvfTxNlYTpvDu3NAuXtNs3YQFTJzqZG2lfz0GfB62cUrBMxjWFocwtcS52cuLi8EWB4cL8SjMMJm4azGqCHSKFQKgAoDlQEXEacSRSMIuHMcLdYKEkrxaMj4PMOkLPlVR5+RsEQ5o4tL68rnXP/lGcmEhK2eW+y8kR8MwiR2IzxuH93hlNS0W0L5mtLfy66c4TkSFNus0+qnf6skbZUsYqaWapc9sGV8ZkY5zd25xaWuc5uoabEdqIyxEVnjKW23kR5aLDXuZA2onmdKcuRk8r9Dxc/Wwb1q6mLhRbUU27+LZt4IQxrWjg0Bo6gLBYnalZWMdT41FDidYZjkY5sMQlPmhzGklhPAXzX/pV5HGqsY1pZvBXJGP4jHW5KSlcJXOex0j26sjY1wc4uda2Y2sB0oZVZqpaENe3wHMTqWU+IxSzuDI3QOjbIdGh2a5aTyXFrdScizkoVk5bWsLTVLKzEGSQnPFTxPaZB5pfIRoDy2aHX6wgUlUq3jsl6sewPy6/EJPs7mL8rS4++EMqd3Vm/Jf37mjUOg89dRSOqp8NZ8w+VtS9wPBjwC6LozPA9fOsjz8rdR0lte79i42mLaeooqh7f2EW8jcQNGZw0NeRzCxF+lQ31rQnGT2V/oLtBtFC+B8NM9s80zHRsYw5vPBbmdbg0XvcpYlWtFwcYO7ewzj9N8mgw8vuY6eWEyuHIGtsHkcwdqhKqyRhfZNXDHsQirX0tNTSNlJmZLIWeUGxxgm7jw1OW3UgqzjVcYRd9bvyRL2aGeqxKXj+1jiv+Ey//wC0M6WtScvG32/2aGR4aC48ACT2aqG9u2pn9gIrUMTuWR0sh/qkdb1AKs0YVf8AGn23fqVDqR9TBjG6F3ySvY0c+5a1haOvKR2oanFzhUtzf7EaiZhpha91ZNGWtAdGaiVrmkCxbkve99LK6mEVQy3cn92TKvBmHD53UjJSZSyUtlLi9wjc0keVrq1pHapzNkqS4LyJ66676FvBtXRmJr9+0aAZPr3t5mTjm5LKWNqxFPLe/uZUVW9w/EZw3KamocxrTxHmMaD08VlzOXNmozl2v/w0W0UY3uGwDhvg63RCwuHraFEdFZawj4/sd1AEmKQj/lU8ju17mtHqzJyK7OuvBMNqfKnw2L7VTvLfhRuJ95ESv14Lx/ZGksodJldmJrRV9R9qoqHg9EbWtHraVWctF6Tl4sqsFhu3BozzS1JH3gXX75QUNdNaU15v+/cvdpZqKQ/J6uQRuy7xjySwtI+tHJwzC17d6I3V3SfwTduf+mVTcSkdhFS+R5fYSxMlIsXtc7dxv7cw1TmauI+jyb8V58kbDCockMTAPNYwf9IQ64q0UiYEKdBUAgBAIUAigOcqA5yoBHxhwIcAQeIIuFANU9HHH83G1v3WgexCKKWw/ZDIpcFwcx/KjOGu387pLcRlyta0G/Loe9U006ds2bmy1p6ZkYtGxrRzNAA9ShtSS2Fmga8ZXtDgeQgEdxQNJ7iwwNYA1jQ0DkAAHcFQklsdBgHAcUAPBsbcbG1+F+RAVGzeEOp2PfMQ6eZ5fK4cL/Va3/C0ad6M1Uabim5bvct3MBFiLjmKhtGYKKOO+SNrb8crQPYqRRS2Q85l9CLhQyGqekZHfdsa2/HK0D2KmKSWw61gHAAIUUtQCBgGgFggAMA4C3KoUjuoIi7OYmF32sov3oY5Ve9iRZDIjihiDs+6Zn+1lF+9DHKr3sPboWtlFuNrDvQthSwcbC45UKGQXvYX5+XvQgpYNDbUcFQLZCnIjFrWFuayEARjTQaaDTh0BQDdRSMkFpGNeOZzQfaqRxT3HRELWsLc1tO5CnYCA6VAqAEAIAQCWQCKALIAsgCyALIBLIAsgFsgCyAEAIAsgCyALIAsgCyAEAIAsgCyASyALIAsgCyALIBbIAsgBAFkAWQBZACAWyoFQAgBACAEAIAQAgBAJZAFkAWQBZAFkAWQBZACALIAsgCyALIAsgBAKgEsgCyALIAsgCyALIAsgCyALIAsgCyALIBbIAQAgBACAEAIAQAgBACAEAIAQAgBACAEAIAQAgBACAEAIAQAgBACAEAIAQAgBACAEAIAQAgBACAEAIAQAgP/2Q==",2,30000
Texas,USMD,32.67719,-97.12657,"data:image/png;base64,iVBORw0KGgoAAAANSUhEUgAAAYEAAACDCAMAAABcOFepAAAA9lBMVEX///8AcrsiHh/tGyQAAADsAAAAarj8//8AaLcAb7q0z+bX19cJAAAAbLm/vr7B2Omop6cAZrfo6OgRCgzOzc3y8vJaWVntFR8sKSq4t7jg4OD39/fsAAx/rdVDjcaioaEYExQlIiNsa2vsABMdGBlQTk/vSEyZmJhiYGE5Njd8envo8fZqodCFg4TT09PuKzORkJChweDV5fKSuNvf6/L4xcbvPEL63NzyfX/ydXf5zs/zhonyjpD98PDuLjbvWFzxZGj0np/2oqNbmc01hcUee8A5h8b2r7D5399JR0fvREn1tLZ5qNMAXrWsyePB1uvxa2/wXGFSoXpwAAAc1UlEQVR4nO1d51rqzBYGnBDQgEBEhCBGqqIoRQQpKjZQ/Nx6/zdzZlKmZRJC0X3O+Xx/7GcLaax3ZvWZBAJL4uzj/SUYDD4/dna1Zc/9xfpoP0bC0ShkIBiNRaLnu3/7ef5t0M6ThvRtRCPBztnffqh/E9rBWJBHOPb+y8FPYfefZCz4HAxGIuEYNRViyV8Ofgbtx4/2mQxx1v44DyYpEmKRw1+j/AOQmb+uOk+RGMVB55eDn8fVYTiMJ0I42pEXn/JXkM7tXFzs5FL/j2NEbj1HosQeHF5t7tKajbWO0+KNV0BwWjza87jg2dXZ2UKTpsGDhL9T0+DZV+327u7u9sdHy8T27tV3E79NcxB53FSAEAchEyDueVxCsY/bcX6Zq+tALYcIyroC9OKe28UKyUgksmgmP8KDkiKpbifDERvhcDgWRv/A/0efzlsbHJoCfFAcRCPRdzZUXnEE+GYAuDKQrgM1JIAOTl04MLRpy/vBrpLwoEhb8M12xOGqW0KJxpLBQ9EpG8NHlLo5DJULh9vtszP57Gq387LijdefA3uqUP7GVAA10bUM4QafvR/sHbkfMRFN22EXBgwWYpHCH+8rrwW5EwxHmdslLazK/NoM1ICb/NHBWdG1zEEc2fa635nh/0XPRad7MYBOSj5tLIkjQ3vDWSy5FYxE+XvGnlfWf+sy0PAiIASEuvHQlO6T1/065jGiibKIAcTB+Sb8xd33Z2N0hwsddoBvF+gozfCNVr/Lmgx4zoCQfiK8VsF8+qTHSJWtECgpkORiBqCVCa5tDqDZtcUM7cszm5drd4IoYYEAnYD3dRyA9RjYowgoKwBaZB36ooruqYRke6QW3G/3YUlZxJIfBuA0+PDz811x9cTlRmPJAvss7Y/zwvPzU+Fwd735thYDWpm4oOCgtmPonNRerQKA8YUiVEKmIQ66eDoG5Gfr54tMMWEgCj1R6IYi35bJoJnkraEZoKkyBzhDQuTJ03StiLUYaNgfQq8nQR+dzlbQfCgKL4W9yZjIzhrYtQ8RmWLMQPSx0/r40766umrvbnfOg8kwI7HI6hS0/ok+FQqFl+dYhPF8Is+b97PWYSCNdVC5nONPyNWByyUPcZor6RYYv9g/W2SKMQMRTkVdtQqM6kguCDlc0e60Lc2iQV0TpfJy0cjLpotl6zBwhKcAcBAAkaqIo8QCie074pu1k/gnh50kuTKAznykORAcsAra75T/GU0WNhvzrcPAq20FwNESd5Sp6lNUbMQeo15C9GIAiuuZun5sQwUVefsliS8b5W3yeliDAayEysfL3JEa4MGIUE9cUUeEndPEm4GAfE4SB17u1pKAs4vi4GV7YwnqNRjAp6rNZe5IO5PCiCtwSB/x6H4BNyVzSCiIrOeTMrg6pziIBDeVoF6DAWwGgGsSVIRDugaeFPh3Mlskd3y/kIHAO6HQRc+thivayqAorU1dXVuRkTUYaNoZOZBa5o4vtLsSfXEe0GEiLqe/tJgBytgLtNg6aNPeVjQcCRYOW39227sfncLzijZnDQYamIFlMuMyGzk5ozI5yB7g8MB9MHBGTYINF252WY/XCgrDyVUJ+HkG2mx236nnP5LMAc5B7IOBQAvfRWzsfUJrb398/OHUC7TJfF4kmnxcmeiNMLCMFvrgnj7Jq89ndpI4KfLDALmK2Nj7wVnrKZmMwCGeDBdazAi/OmQS1NAsr5GuWIOBGmZgGUv8zjWjxd7Z73fZKSCo5PhigBC9YulEe6faI6DGLzBClv/AUDkci0XhN5Gnj3XM/RoMZO2PlvJGX/gMGhc1FfjvI7yC9cUAcahWs8V/otxIQY2jaeYO7Y/D8/PzzvaaUd8aDODUdPnA//1kktgUSojEa/b3DlPsi4HAuS1B70qQCzrJGAKbHI2FD7+haXETMbFLHUAIImGcemBc9kdbcM/2947kkT8G/mBbvEJq4jz5cn4I8fgUjbCNo5tvWtxIXiik+34uWz9HX0iZgIpbz2y5RVodiwtHZsEfA8Qh9arFidEmbShyu1WIUGY3tvGGuXUYqOHcqL7v937v9sg+xxqf9lZwwByT8SCOcpfwx0DgyRabWwbWN7TtApWgDgdbG+VgHQZSpEap7PucBbZcYh/E6yGaXrN/aPg9cIa/5rSITwaIIXCmlpbG1SHVKARt8gY5WKtGdqJjCtQDXy4pFjGKhW02SGqiZQs3eRaQn10E7ZMBfK2VTLEDcuuZRDLh2FrFeQZrMZCjC/Wg6CMwwxFxTKbKldhlDxIdRaoEvBbxyQAxxbwaWxHyR5DMg1ik8LEZo7xerwQpFCNjABpp1/Mt2APTHJd24GrrCZYSO0PHm2KfDJD0h6jlZSXIrSCVcIokH1tUcvRqxbLNmv1CpzpFQUgFjQXzwFbOZiRMlI45p7FaMmSOy/VBVoI+GTgjDPh1R8eD6WQEMZlMu72xiDe5E6ZLfLFk8OW802l1Dh+Dz9/duStmIB1iKIAc1D05sGVseqA4Txoz2hqwaTb9R2KKWZ3rkwEND9eIH509nt9sSVK+ZCCfl+D/324eBg4etE6UyWxFo0bsliysOtHW7VpMHbMUQA6Kgv52+/E5zY9LARE0gLB7aplOLEE27+WTARJ9u/cl4WO793mplNlikSnlpfz1sMuxoDkbR6PJ1T3etTt30xW+cVEHJxcuV2EMcYAKm5C1JSGaJXFsitnGH78MYHWxiAFteinx0qdokKTqpMeS8OeR7k2KrdU+sYEVHE2gOzjYF8+DFm9cSaZUDpzzEVpLHBX7ZCDgkwF5vuUuf8zC7agn0yyctQoxYwFJJBl8X6t9ZRNraHIVUHZw0BAZpnN+VONxn/zAGgqv7cCmOMxcZPk54GUHBteL5I9JmMyYVZZye7vVctRvFkMeM39uZBVTIH7q4EANCVSR7X4SzW5n4qIvHZKQsL4jVoP5lcvbAXchaTdY/pmMaYCRDc7nSxkHL5m8VJ1qgbVd28GAucRmGIDXeeV1UdnZx3UWc4gU50qjgmy1TViYMcUb9EYHWyWs7G/vhw/z7gCiO59O+l/X0AzzxhmS0B943XQx5NGU5XBTDAQCFyc8B6DBHUI8fPKZoyJDJZMdSsuATwauFkZk8siYACUpX51At5M7StZ68+G1xLtIJen6YWHg6Y7x9YS7z+YYgPagyC3pA1zxTGRad7l1eXTVUmyKl46JY+IDxtU8GtX5m+5YfEAA6exu/5IjAU6Ez8FqukieSDwBG2UARgd1dh5wpRvhmH5iJwGtMrAQmSKOTwYIteJaPdJAJak6XxzKDoZbUombCLcTYczsCbl76yRgwwxADoqMTVaYCFmo19nFqTE6lSxjT4m2pUvnRgVdYYHAXILK/6bn+WMIBjf5PD8R7rtLWWV5UJWkB+cZm2YA2oNTKl2n0os4cJqBNY1Mewrru2PK6PZPnwzgYo9oFQhUByWpz2kfKB3eGJCvtCnvtmakTL/ndgJ/vtytShlpLjh68wygEI3SQ9TKApEhDlCD1aHxSSKPVls+GSgInCsb8lCSbmj5y8jujm4+77/uP2+Gk2l3pvFbrMiBwSenjOAsuhz1+AOddwuMH24l6O0K3ajvYIBcFE4Cyh/ClV+2aEV36nI13Q/7DLrI4o8B0vzoXLgs96Uqk2cYP9yVjKxcBsrJTMyVbj+hg8SdNx5l+IkASRh2PW2JNr9HKqx0OxMy9S0MBHaoWUA+dSu5dEhTOFfOwqaY3oXCHwOkKcMRkMk30pTWHvM7Ke+Mi1FeTqqOWOnKAYcyMoKJOwdbJrTe5E4yTpA+NfFU+R4GAlnSyUJCY7eyI2lr4IerZmsSuvHNHwOUbuN/+c0d7cc8eKTlkHRLX1NGuPLgXpRGlfJw0swHY0vO8njWnQ6rGYvbjDR1U1XfxADpZFHw1hJY0I61YXZ+LvrMP+aTwBT7YwCbAUe3y5BySOTplmD4c9LNS9UHxvccj0TJPKi/UFajtHV5eZkxCgyYKKkq1kAI38UAvi5Z0moXbp29tHb46lw9/M7U1Ez4YoDkJHhDPCUeqOwzLYdIuJvSWkTufok0l3U0l1Mq5R/IiWNeW30XAwFnS6OLIUawLETMMVBIgxf5zBcDLWxbuM5dSgJan6TlSlZSzszMlRxqxhkJjx+q7iTQ8qe9LnngcEj9MnC0LAO4k0WxP7ENscA7NC1uzLkEmyTuiEFcrnudXwaFTbBsp+Wg8DPV4UN3MBtDzHqD7nT0eV1y5uWg28NGwrOHqqC0xp3zSeW05cnIPSZWEvxXDMiSJdHSYQFIb7udxwp6CM7Q2oK1wwFcyycj2Q8DJPTgu+Nt4LRc5nM6Q8RQxgH9o83m/WvIAj8R7ru0MgqMuyh75yDLFn9mSNcUxm99pznADdAqn8hkUcS7dfhcrkHUlnWCaw8cwu4/4XBSJCu72Z3akssPA2QKuCwf0O4kM6oduMbBSL7zzxIfhUlbo3GAY2HyeVuS7IDCBJpZn13GdkykvuBeuOmqXHH9OQgH2LfxmZrN8gy4G2IEtFufKI1v5xaoPSh8MPBBurXEDXMzIy13tzizI2vdmzxrrjPGidxhcM50p5Ph51f1+vb28vbtfggtPlNR615KQ9HdSAu6p2hJd5zf1duOOYANset+HiJsO3lbzMAZibLFC4q7eThG++4eIgttXnVMhMywJz5bNsF/2q1KktMGGMCDG3gZAtwmvWCqEDR4O/Do1Cc+QBoo8OMvZoCu+gi+ludSSRq6FwUEZ/SGpbyjUjOZ+T19/iZlRHlRA9hnKZ96XOPY5sn3iqVTfIb1FHhULtVZgE8j+nzxmnoSDov2eYL6mE3LoTrM5OYOqo/b67e7G+gW9TTHKBbkRlGktngeyeMJjN8yUtftSGqDFPdJkCBJBm+nFcNhX3DRcMklLQXH1FnEQIfaV0JgBSABTFpOnk3eDG/GNqFGaHD7+TDgEzkoHbHFk/A2GrgbE1meTe+Qv1q6dJ8vVBJNdXNzqIUCftcOY9/JnjTehtgdTlO8gAFqV4ngP875Br3QKfWnBhWEyJVEvkypOmI9JXnmUEbILmfuRGVmNLNG12bQJn15iQ0bgpDupodIf65aZ79xC89IftqO4DpOp8YX/oT54ezJgFagqg2CXbbkUZUEVXLgwbNbC0n3Zk5rJBkpo5LjuDxqtRhNuz0jqBuPezCou7+1q/zuJsAEWYsUUl9FVGmvpP4O2CagHdAUkksmFrYuTm3iDziMwPGaFwMf9LszYs7ypDyZUPKfZhanFWBsfM/UkuXBpzCZbSY28nlTi1ENR9LbjLqnAGmqqKgfOCPenQNSfOfXi9VVpXzk5CCu4HmFa/WiPLMvRHl5uzKgfVDLXNByWKfF6VKpHT4t5946KpVu6JSQPH64XpCMoBjMUxNgLDbc1CQIlflVGKk6XXnnUhIamhyK2mB1UZraBRZPAexVhpdtMcB1HXvyYAZinfaZnY4/a7cew0xLczTqbJUbU2kdnJYzB68hUeO/eUGOAZUjaVsq90Z8E4tY/lKfumXvISDGMSVj1H0ety1yLnvCdADx/T9WHUYFBw37nHSc2Qcca61tQZLTHxyRHNkiKpY0Vvs+P6NtB9iNFoUEEMi927wpfeT2TLq98Ripe208ng3mk5uqs18ORcKsNuqN3twSQviUG3rQP9y4jb4Ltv9cB+D4df9k/1UFbPeP/sqdiMswZXhoCJ5TOQAsZbg8cyhI9PsDTrLZTpSvHV/DT15Or/yAJgCq8fZd2rVm05tLXt2jSJhVI+N5/1bQ3GiJHyWQyC3H1Xv36Z9gKUAi1XXd0Q99wOUtdgB/Tpk9B5BelYKo78QXcGnNzuj5YCCa9PS45HsjLWf0OXhg9uAoIBstXqwgx92Hz7eSRCfmkC67HdKdETLk/MtL/3pvH21CPeDDhYbrtvcOAvB6peUiYgO44doyvIsZCAexjU6fvDbhP6iVDD/L+Bql5e757JoDUGLjaZXvWZRKoi6h8aA7nYz6n/d3d3f3wwk7s2SUlvv0NoAJR/e5Q5yO3UO1RQRQ+e4rYf+hP/CVnQUMRMMxasF1Ixso7qRgJF8Dtjh6JaghoDrx9SQwqnUUhVHzrndWibk2lD8MugWVARYXB4qXNHXeCAeQEvKiQGV6Rlc3xM7qpicDMe7thRcH9XggtX8SqFjZEbkr5aWhI4T1AJTgHZ8bzUtfPhpOTaCEkjTyccOmu0B1UBFVxqDb6XaKDoqM0TgUNb/5xC7OZ5g/wpUBtPMe/wbPvUDuJJuq17M1K5SZo7TcshNRng3zDrMMI7XF+dUe6vHy6FVhkG7qwGF+oTAVcOK2Y0GqoToWkRln8OspX8LGVuZR0e6Wi3D2j3luzGo33Y5EOcSixnquQse5EX2jkapnU8U9kDYcOXnKdcv5haw5+4oyqFPL62q9iZHCKGX8r/qI148BUFTDpymXy7qqALWS8KpLavFiCHqgunWKdYaj2PN+aGKl9zoe2iebHv7uS4HF4/lh52PX5coJaAnS2UAtgFb0QAL8jUYRnMrIUEdb94JVxwGth91Z6W6ZUgQc1vFa/eT19CB0cFopNhMXPrRdLtss7ptnnDQSXi8i+8uQp9fLCYPHrO/IjW5lIAv5rbvhZN4d9CC4VouMYMnAvxby3KVOuASEuVFmGSDbbiRd+12i8G9Ab8m1R/J48DDs90dztube62dEJIjApOV+EVjSBep+WftMSNLWDd1VIQdQ/8TivByblvvFkhjc0q4Pn+SBJPQvPfNyaImg32aMXzgh9wWrBD4ZlY5qwNDdkYSLv1db6vcLDO1NsgpetHBL0h3n2MvIVPSrlyVrIb6xM46ECsx+F5j9QojxZXU4nXe7cyhdZkl3RroTRWDyeAZ90IfJaDgcjh7mPZfVMr/wjRml8rXBiPY/M9Lnr3b/efToBXxc4esXPwOj75Bw8Pmr5v8CBnc0B9XuwmXEv9g05B7FAaoZD1gSfgn5fqCtIYhjVJIub+Y4RJhNF1Y9f7EByF26zcvYjPHy7v7z6y2zuAz5i82A5WDLWLsKo+LfHPR3QB5MPqu313f9Ket+du/4tFx+a8Utn37hAbRw3mwAgrrmdsSQgPonbBLg+C9N1rlROq2xfy6/iVq6UjHLwrlEwrxYrlJZsORSSxRP6gm/5bSdhPda240DdVjR4zxj+J80CYMR1P0IW/fztW6VAuxOZBXgd6EYcw2zlB8H1qKxHbBg2XEWKLquA8XnC2yOQHnpp1oH8rgqOfKd0uUD63Fqs8GgN3ZfDesPPAP7qu8XmtDX4BjILWAgC0JAOQAK1VjqiQRY4nVP60OelXDBkZ4I+dJk80Xwv8JAGoRUdNeE4vM1Tj/MwOx6OEd7HMwG0yGbHM1nVu+1cMFfYSBh3/QCAK8VnNQJP8oAXVtBS7ozdCx8Kdosbg38FQbqqrXENRCvexxG8MMM8NDoTqGMdL1RDjbKwB5QLF9oEQP6cnf4ywwgy9Av5al5MN1cEcaDgfRRBXorB0V2BfFO41QButEWl6rV0tY1IAPx2lFd12tHtSObgVQTHnpcd3JRU+k9cuI1xhzDPzXUQnkM1KKxAidROyrqx/DC9oPu1eF11dcadnjNB9krloFqN1hm91VQrvvciccXxqM84SDPr+VYHe4MHCmKAgCA/5ySBZTpIjA+BQCaUuhzpqxrwN9dh8eGQvCbkMXAkXGcojr9nR1Ab44AL0OTbCw7SIWMewOkpCrGuhz4p3lOah/YD9YgV0gFToy76cYpqVPjEVXPnRqWhjYqYV1ktLAzHfCrOqWuDBSBrtaze/GjCtDxIbmyqhw34KdN+BObOYaBbLMG50Cz1qwZDKQgI/X4zsXRge7chL2oKtRWsPsqxQe0JXDkvqrlxE58HyA2Es3aiX4ML2yIMweFfFqL72UbIUU5JeHHK9Ab8XjtWIe85FR0SLyhlP1uAeAT4yFdsMxL1/1pz6xozro3K+ZGU+wAxAw0gHJiRcd7UIbm3E6Xy3hAQ3+mrtMMoCMBsO1AuQhOLfVT0R17EmmnuvqKP4SnkVlm0LEDFOPkxHHaupltB9AjWONBa0JVZPxvB4QqYN84VHuFdzu1njK31Gtj/UAe39D9cubay8wWCh9WdVNTQK8njjASp+aS4T1ArZ6Hv0o1fh6UJaHrAughjgHKFwrpB3bwklIUhx7SXhVdwdc6JZsjmyopC1h/gDCwr1MmJAvMhSWQAaw8U6B8ioeJOaHWAh+CyeO+oF2u5L5xxyKkoKwUCuWy8VNe9QPmIAX90jhgRIkCW3cGqGFdVAWZjjogy5wSAM+SunpgXJpdtokZgN4WrdIaqnHDHUBt/bVfpnaJURZs3uaJ8cPnFur+ue4zSzXMzVLYhMXd6u1ZkIFjGuay+QsuY1NX0cZOFZ2d05WyOwNlahAnFFFWJwHKwH6fqG7vsZYGhsigHUmwx1p3PtGZS6UVg5AdQPbUDNR1SuoHivfmbR7oof0sM1ZajltLHOjeo1DZWARuJO3W8ItSnKxNO9BU1VSaQIsr0LfRgMpqk6zizgA9VLNACQiwE9LtjSyaivWG45piWpITlVm4ZjOgldWGRj+Y+bg7gBI64+q+8luR+ISsffLDPM/6n9p8WN0q5TOXd5P1+tPFvtCJHgI0VLSv0A7g9vVgfaEAGxNT9h1/zCEN7bGpn9I2YwfWZNBOFeWAPJjNALIvzIOVjV3XduwHQDhSqR149mmfyz/k3laJ37fVbFJhjxuP18/UiRmoQI+DwxFyWVifJu3FAEWWGwOQAvt1Qab6R6bVjt8aQAWv9h82AxfQ5PIPphkMkGEP4xjq56zEgNyFOuby9tKwAkwH9dfmG4VcGFAFD74cA3TQ68YAdJNCZh7DmjSv6gn+LncCsOtFGBD6Nkw54kihtntfjYHezdxsXBwbLwPK042jyy/EXAAxA0LvJceFDlxMHHDNzLkzAA2Odc2KGQYAetXmXsiOJGwG+OiFexADG2CA2U5UHk/pFXzOV3esCTEDCUW092WZM2tHHpbYJwM7tgEworKiyuaqtWPrjtgXOhBuTLtxBljI7JsfltyncRHEDKQA60fXTpBA6yoryVMPb9SLAY28QXcH+1cwKtMAn8c5ssoHmIEGzmubVzo1Ss3fzEAAkcA2jvp+hdBiuOSFiqpKCQ3+QjQWc0A/oQ5tKh4RmQcD8HB8GTiNsKpX6yolOwNZnoEUYCZBUTHu8/0MBMxNW+nG0emGCpYuDKSATvacy5X1svFHEyhEDyWQj7rSHKjjdGk6VMauowrDAzsGSFtzoajsW/eyY8EmoPJ8TZyV+AEGOA7QJuBzppi2ompyy43GgR4yR2e6BoNXywM5UZRX082EnopS4zNzfu3AQdl8devFAfXyyqaKt+fVXs3va/bDURWaigqKprgvKopiTqYfYsDcPJp2jKS3/nTQQ1vmz0fXK76w0jU7nYX++Gm92dhXFFXFzn0Reojw0/ordMT3PCMyLwZSuq6Wi/AiZWoLojRJLWivihIq1mFUZrlkFANaBT7YfqNZP4WPYp3wYwygZfnMGkvqzRGrds3xDLzifqHciRXyKHVK48VPrU/raQ9vdGeBL5TeByqEQqce9mhfv2HcGPNzBCgDnDi2HuHUfvIL+nZw4pBjK4C2XJsAtMm3zj1K85erl8xyOUY6qRwZTalss15vxjnpXRw16s0s+lDL5exrmBzhDzT7E/Zj+iqN/deTGh3hMXWaQDrbqNcwI2n2CnvwERoJwhdzA+ZY+udsCjJ6G1OeXWQ53Phdfh6OeO+/GcaOo9ZW1SVJ8r2P/n81zAT4/wxglDYffr29Ve9H3f+PNWVWpv9/DP8fsjdxJMyD/OLnsOhNRL/4ZmT5zPc34D+zdDvUrsPIbQAAAABJRU5ErkJggg==",4,20000
Texas,WellMed,29.54958,-98.58944,"data:image/png;base64,iVBORw0KGgoAAAANSUhEUgAAAc8AAABtCAMAAADwBRpIAAAAz1BMVEX///8AkX4jHyAAAADNzMyVlZUaFRbU09QfGxz///4QCAsTDA4aExUAkX1iYGGKiIkwLS5qaGnd29wAinYAi3gAkn0AiXLw7/AdGBoIAAD29vYAh3MAjHaQjY4LAAMAh3LAwMChn6BTUFGsrKzl5eVycHHW7Onl8/PHxseCgIGwrq5wbm87ODlCP0AqJyi5t7hOTE1GpZWPxL0ZloXC4NujzsY4oJCv1c7d7exhrqG829Zxt6l6uLJlsqJTrqE9pJKWxL11uLJTq5iAva622c5lXZpFAAAVIklEQVR4nO1dDVviONcuBoGCRaVpgVJBAak6Kso3OOM6uv//N73JSVrSJingOuA8b++99hqkaUl755ycr6SGkSFDhgwZMmT4YzC1f2T4C2EGg9V8Op3OV5OFd+jOZPg0qCQu5i8zy7VtG/vY9+2OPV5OB4fuWIbPYfJz3MI5nBOBLb+Ff60yrfu3IRhZtm/lHPKfBGz7H4tsKv2LsPjVwTKPa1i4857p3b8FwdJNZZMSauHWc8boXwDTGKnYtBSktl4ye/fbYzDGMfKcHCamrTUey3w6OLc6dHczpCMhnMScnX2MPl7/0ehd/JJZRd8VpmmYSztm9fjL+WC+zGGlumUiOgsyRr8rgrEonK3x1Fy8+L6GylBCnUFG6HeEaQZWRKfj2M8TY/G60dAlkutPDt31DDJMI3DWotiaTQxv6W4ikzfOCP2GCHIhnQ72p4Yx9TfKZtjezTzRbwczmjsd99kzzNcthROAM6Poe8E0XjG3Ya3WyDAWRPfqbFoZljU+9A1kiGMUSqdFzZvJLsIJAro89A1kEGAO3EgaF4bx76505ix7muVbvg1Mw7F4XmwcEOns7EongRsc+i4yRPjgk6eVI6wMdpZOwHuWEf0uWHAGLT8wzGB7O0gEdieUz2CSyemBYRpLDNrWalFKZp+ikzit3MadjLIs2mHBFazjTg2aYNEJoO/bFD7WxBnsObuc+evtkHeT4Z0RhF+poauwhRwLEzy/0JLNyWo++uW4NHaU1Ms+E1CidOfO4sC39P8ZAZdIn858Km2LW7O3eEQvWL3YLUlM3Si7vei80fRbhkPgA4ixWlRdrmypns/GH0oTZ/XcSUio9coPmUbgPxuZvXsImAYLwzsz8EMl2fRH2lMH7604o5018UHOCTIJPQQmLcYFTXrN7QSdtOQrhZXJGFsCpfbb+lCAs6zLQfDCCKH60UgUfWFnU2bT/GgJ9QsYZJzzv7Bbg0zj7h8O8GlT1zMeGbJa71vQMRH4dKjC/ZcfMOcdOyN07xiAurVm9POLaLJi92OrCwhVKuCCes/hkQ9sZXnRfWMKsSFMQwmGWPpluXpDKI5graXxb6Jup7PwyBiPvYzQ/eIFSMTUMp2sBc3Jtbalk0hktGqJiTn+BV9T/W2//5FOZ9BiRklknuNozaeFX7a/hBlEp1k0dvvGx4JJFHjr7Q/0OYMWJhVPh6nb57Xrgf/Z6SqDsK7TpYE+zw0r/jzbcheZxt0fTAj2WR3w/QVrCO84741aTOPaQOSrD7FDurYJ53YbGRn+GwY0guA49GMQeStOa77rdWY8pg8nzn3MQ39E/CFrk2FPmFA+WTWXUAT2vOk0CcztyeE3+kdg0+w24APn/MzG3R9WwCfYL/PIXWnxSN0uAbsXKFlhV6IxCp7dXrjhdxn2ASDRh0TXNOTTX7KwzmQXPpm2xiwGsfSj7DYxsrJSsf0B+GSR88hdCcXzn50KRyC4xPmkl7LgkznHlhimz/BnAfqWCVDEJ7NIzYG/y4VMCP5yPmmexmbZ7YBeNdm4X0wiHDrSgWJxfZrupAwRwB5y4cGEfGKuKX/P0k6UMSaizrOl9KqYG1Uzi1CbsIiOURJ9fkQ6gND6tLPEkdqud/u/D7BLXfj4xvn0+bD3d1zDMCIWkc+cE5BVPm3SYfKaaNq/PEWlI45G4/hyLZ83vftKeKTSvh3mRfkcHj8gfgx1ezeHkU9RufQ3thYa1/9838yA1n/5ID5TxqfP5WrV2ZFPOjSYZcVGCQs6QVTYlVv3S5zQ0lmSlmqBHTk5V/xKvgDnocvdOveFuBU0xP2mxjWhcW8PnTNB3wKfrHbIYS4kDdTvusaIXIq7nRClsNjAoIZvS7EPSpFLWnOYPOKdAGWlhvJX7tqHpdOo1256Xd55lN/Q+BzGZgk9ER20B/mkOS2Hz58D24JIPFBiGo6/a1ThNdKxLDTRYV87dBsURfPrE/ZIZJ11VQbxrCp/pU8e5cmPHbv25bhkhBbUfYzQh2alwibavw5LHLLgAQlWi4VeiVjtuqiTTqDM8JmzKD8T1mdyUdWlauyRIHnY1uFI40n5K/QRKcbAvhGOxnSbjLXaKMVfiDdCAq/cYoseHPY9cWR28lcI5jjHTeI3HySdTaBLKqoq06Vb0Min8YM9BuWvED29SSr2AS6gldu0Rkw8Gw/76pRBTRcrdBWXYBCBKEFmxN2xyn1ic/fT+IVBPpmW/YnDvEsC7JGgG/lIXnvEMHrtcPYs5lMRnXGjPRLHtu0AhKqSRr2scQumeuU0dm+pEKx5T+pPvlbfbNIT+eQmEBi43IqhZX/2jru5Ddxw6xqoQHGIB0rVL/WDsDLJ0qB3Wz5WHDkracc+UWEV9ulJ4ayq/NYUjzaGZLNm2s166OyedrJ9pW9TR6CB4k2STnQchXXDmrLB2flVMfk7MSyJbmSWLIRgfe4rzqww2LMtzIXLDGUj4MtJqeo2GZ/KS51WdNoILCK1gXtWqlyEn+vFKkhA6XFYrPVrFMWbu+uTZlyPe/Ue92nbx7WUEe7V73g7lNoOgO7vmnorHHDbrNIhixIWfD3fZb0+I72m6EOvK82kuHv5e+bUtc/zVDK9ev/ymI7i80v9j5JZL1zqN85Z0aKFscaKScGCeaymseKRiY4R8ilFFADMIlJNoMwiUtkRRM/FTnhqKHyeXuUk4dJw3S75Rkmwds27Te0In2fGhmvWUQXuUNHivqGYT3qokbxlNgFXYuZ8vXePUPlUp+epWcvdDMiw8HoCKmGt3RIjgw5X0MuQTxBX4FPt+wAZa3ETAAP75Fo+0GsWuuLfICQoqYLqD5WEHgcXKEWWQqRYYnEQPmF6bGhjCqfoqq/hE/SPZBvXzwpJ9f3QUDW8fGxX0K1GgxDjxYeQLSs+YUIZ+FF2emtMuLo1w1UTnXVcWC3qQ+aeKY4wvdeUu9wtxB8PmE4Sn+RBtOPRJTp0Gl2pmQTarrSNQUr47Gu1CEUdIQ9aKKT9Bil9He+snRjCMGQUw+sWHVWQWovQJZ9cHS6JvmXJEM8PJ8DtMf3J/p3H+YQFFRrVrdNYQ+6byrEjVKrEvqhp+PSOjmJ/0yDiNn5O9WS7dgaN9UFkUtf6Ap0yxptyoK+o5tOon5zFvwATQzXg6RNCVaWIznDOZgdo3JV9ZHy6q10WLHwEtLVpjMNVakzfPuf0fDKNJQcOqixKW5AEaoji1j97Ygo+jX4hdrPApyognMD5yXbtDPQQ+VXK6IbXJrYN2AEKE1jHp1F7jFNE+Sydye2YiFceVT+96kTVBK+Y767osSlwtguf3CdZRXsZsYDEOIVPbhFJ0x9qPKmDDeeFxFPQ8plYfvr1fNJRCNOb2q86RrfcrivvwGcSej6NO3KNRllF6IwHdkwo93mjHz22nL61w6tWTF73tV7+ACSyMKLOVH6gclhI2j1XbVQDFzT5KLxmISHMOn2bxFfz6SGqO9i8gBRqz6vQseghtYf9FXwa18SoahwpfnvSifY8/cDcYeEyttsMSjGN1pCyjDbbnUqXG+81WZAlPmweTjTG4xAljYBD8VlHMG1CkKitCIlcIXAygE/ZgP8SPj2acqyobLwlxq9cPTmYTaBcyuzdYgq0VjMSTwz2EUurKv1Pgw/g5AxTQ+SLvEoVVwuVxHg8HJ/QiKWCFAYLnxeQFO8DfAmfoHGPVGlV4p1ENZou29bilQuou+NmxTM/WjXBCldgFYU+1AQZiNJj7LuLMtVVZTn2STz05Fx1KD77jE9PY6H3mPj+WT6ZdijLGtecu2Hc1hi16L41EEVnRs1OQYUPf70FQwvi+Wz9mrZIvqjw4Y5OuvxWyLMVD/Sa0jNQ8DlUxci/nk8WtLlVxyxLvEtIbS8p+LxTzcIb+Lwo6yLIS0xMXKZxlx3qd0TV1Xi8i4nbEnbUwPQbKCBU51cYwO6J+XB5BPG7opxkeahID07B5+k++KwhZsSpYwo9xKe15tZ8Xn+CT7j5hHIDEKfRsnh0x5j9NnjJCBPQ2daEzsUNT1i6bMm0tl7Ir9pHiTj09QlTIY+UabGIqI/kUIuCz7N98FnkfLKKkmRMISKYSm9FDlsq+Cx9gk/2iJQBqgCv64XoHriGMA9u54USmW7lBGA6D7O4RFqpAwu9Cza9h/gDOC4nnIHjsnzPRYnPG7QfPm+FDiS4GaLQqwLlI1fHyHwSy/0TfP4o6ALgxqTlhhvwmVRAnyNiLDzeag4dubG3S0LVICvqTV0dDAO8tDYRyZ0xevrJXEdjm5FeVOeYv5rPGxRaOU9yTOExSu5QAVIEBFmvhVhAvvAp+QTzWhOWnrid8NU4QRCVbzJG/S1S24nXezAOudeTdvoNG+CX4d/dSuh0wpNa9zaPFHYsPJmT6wuG0+t7VNoLn5foIvqUnDCG6zrOsxQ+C7dRr89orz/B5xDcd8UESrfbW7Us4ZILUXlid9P6+4kT38/PoQ6QyYMLbmpyGCaBRnjTdRQZbGGwgf95XVakppi6a0Y1BY2j/cjnEEUzBItkCTGF+7X/QhPSCvnhznW815/gs6iNT9H5b9IR9yOJb82Inbl2Qz6TvjI0Fwd+F/aPS6/k5fMk1z5X7YiOeLDBQ4pEBZfP22PAxQUZ6fvhs4ciNwHceqFO4RKtBQb4lNNveebHhL3+8Yg+x2dN0g1rEAld5Mbri07jApdzx7pV24sX+b1YEJ/gS2I2FCKxeTKMip1V1uqJPtzocRDnU3HH+eT8SVTQPvi8WvNpQP33OhD5IMQkH9Tp1Jvk/EnGxFfzCXh2oqsG0s7GtjWSS/681bvi5cw+3bNmwWneFASunqwHeA0JhSI3Yj7qoayqopbz2b292LdXQpztqimGmm+QkKGF9LjMx6Vk3xK19Cf4NKY+p8yMbxcWzqPjn6s1p95k+uraqtf52jQm8czqwjYu0BaLe07LYr76aJ1kIUSr/CxFfUJpH3xeCELoNcWYwpMguUa3oXT4ZT4NpfbZxCebh5Mx7RiCWfgqFdVe1XQHVdcdPy8JZhbhUv32AEyv8cZDEunWEAWsTaLJa9OolMVo5wWk52Hk35aPVKfeyHxe74PPWzHRAxYAT77nY44krRkvyR1X8Hn+afu2tGFV1Dx8L/ZS+6oHy/KxhkqgkwaDBx1mDW2xf8JFZBHdxFd19tcKt6KudFXw2dsHnz/EGLwnxBS6SHTvoSJFTr8MZT6vPsMnG0gbV/PMWbh1oZgYtwGmfk8QbccQu7Ryk2Nelkgk80c5bjyAC0p9gaFyVgxHeozPWnUPfFZjORUYkBCaLMb7CcESuawQ5CrOZ1FZDLSBTxgu7c0LET22MebPDS/n1YCuh/H4+wqFN2FN//Fzr+rAfLfBcimST3IXmhrdsrrsSsGn9s6/ks9urL633gz1SLcZi2FBQK5gJHEn86nGBj5T6peUkPYf3wZ0NypzxrUxDisTFs5y4gXz3LvKi+V1G8Nh0irgmqzfR+rVLAfj8yFerw3JPaJgaij+dCG9G69IpPgiPmGykYvm9Ji00qlT0jklNMxCTW1zazhwp8Hq31VgvCpLFVi5c7cq+STXBbBwj9XW0OH4TNTf84J+o5pQI9eUZznj3PsaPsHR0wx0NRQ+yxZ0BuPQWIr21/y1NN5mo9/uxHBV0QWWvG40pM7BECw9nKlqdCiGX8Gnt57yUvkU2iX1BYy7ymkl0ZXbP8lnf1fxpK/t3Y1Ni8aCJpHpi6NXeLgLY/phGG+/jZFKQGvhPhfSkQb1ZUraSSKVz/5ZREAanx6Kh6S2aOcl+WSR1Eoytgd8ymX+kPTV8SnW4KbyCdbQbru8mAHe4UW9xLId0IqV6O8ofDhoEXvodbJypoRt1Q896BYPMsnVLL4PLUUNn921Z5bG57UQAUjj83bdro+Sa6DYDSQridh6BcneTuXzQShJTeNzqCsHS4G50xTqvnpG8LzepxMH0dseXMLn7IO+FYTwqbCI7iILMYFaIp2mOk/D51BwBVP4HIp5uBQ+h0KEKi+VSsDTlUIHp7vz2RPjSyl8skry1PXhCtA0Wm47M9eny5pGLubNLYjJhxnVTkDXtyzfTOK2qH4HDNnGk4JqmqLQr7Ls6fmsl4VRoF+/ko+FwvXrV4hGXRNz1Zaq9ipHilL4Cw2fyvVlrNexuKaezz5dEoIUK/A2AAjdRtW6H6Yxt4QX7MReqPP8QedOzw0MZ67Mu1HNpFwxRe9dUZLMARESNZ/dgvAgqYer5OkSlUr36x5p16ERQ1p4sN0TKWtCH70U42F8SlqHfa3k86EgXgT0tezvkFHYbByVkMZITAO501UrXUCtHMb2BxFAx7ailr4/EGgzB+5kQE2l1U9NLRE1KBTrAzdtaAIOnpLP26YYCC8dqZeC36L4eguaAVAJxClaB9ZM6GySDtJPuZIP4kNyIkFvyVy3Y+FYiI8p7p52u330yX1TzEG614Ld2TQYvNhiNEmqOZp0RuSbxbu2Fum+pFq/a9A1LikLN2HZkrwnFTVyxNrAvDKR7101yvGAmTrh7/VKZVGb9mlJQuM+0aqbXCsVTv7SAjqvorEJvPNmbFAwtzapV+pXlXKp/BnhDBHMsEZErZzzOlr9+5LzxRa49e7FyxlMI3ixbDx+0/5Gr6lZGXtV1q5p74NHfVR6zIvP1qsXr0oVcTbLP7L1h+d9oc3deROMMEG8w3ZVoV3t7kezyfYygf55xVOoDzlqPN7FJsZLFOPNq+dPuRdWOOuJ+zH02U49pfuiuHU36dFxgfS6vZ50+iCe5EYeLsPTvf5dFaEyejz+b7sXfijf2zsez55/v+aktJkt18PTnntpfSAWkfpADakmEOOm2n0kd8ZAPlQi0JKcNv0Snn+1+lCGP6EZEtrQc04KjQaIo5ferhC2o9uOsEaVNvkk9vn+UribExQ1LJehvgl4uqw+Rb1uqnvNhPyq+nQUXYC0fHyqnsO5BA+n/22HKsoFLfhSyig1gJzY33im37ko5SWSVZ3trTbKi6fHG3ABw0ff7OL09JY8o3s2rV5cbNWuH2+mN9Skq4AWyGt/Jd5rYyg3hG+uLr9m318TXJEtgP3pVvXXErTSu8UuShk+geD3ZkbTXgCb4bsh+FCWC0Vk2s4ok6W/C/OZ6xOjNj6XOsTv9O3O6447xGX4DgimS7vji2JqYbtj/Vplovk3AmydxXy0nOVst9Np2ePZ8m2VvWPlfwKpHmWGvwf0veemyf7PkCFDhgwZMmTIkCFDhi/F/wFLI89VJIQutwAAAABJRU5ErkJggg==",3,50000
Washington,The Everette Clinic,48.0844,-122.17424,"data:image/png;base64,iVBORw0KGgoAAAANSUhEUgAAAb8AAABxCAMAAAByWF0wAAAAwFBMVEX///8AWosAUIUAVYgAWIoAUoZWV1oAT4UAVojx9/pPUFNXWFtTVFfK2eOhvM9kj66JrcTr6+tKS0++0t6Epr5rl7Rci6xHSEyRrcNPg6ZdXmGxyNdrbG4RaJX5+fnf3+BKep95enzm8PXNzs+HiIqysrOqqqvW5OsXYpDz8/MudJ3ExMUASoLP3udlZmnd3d5/gIKSk5WenqCauMx4n7q1zNpyc3U2d58wbJZLep8AQ34AO3rS09M+QEOur7A3OT0XGGivAAAVC0lEQVR4nO1dh3bqyLJVFhICjEgmCRDYiGhjY8Q7z/b8/1/d6qhAg2SGEzxHe62ZsUKn2l3VVdUtRpIKFChQoECBAgUKFChQID887/LjW7dn/Zpmfg0sf97o9/uNuf/bBrA/jsfddrsF2N9RNNFVq93ujsNQkjbLWuvubl8bv96gueoQNVdrtWIttdvjsX+Dun8trEazO9TXJsJaXtaq8+jZvttqwthuIrEMtBRVLakYOofKoAN/lTV+pJr3N2iuamqkuWRLR7Fa/rmotAJFVzVNptBURQ1f2SysKURid/TaalQb+UfoNfpvud9uqfIFqF3oqkL+1m/CnyJqRgtvUPUvRGMM3LG+MxI1TZH3xI7WiFB1yl9jaCrmcJOz8vkR3g7ecr4N/EEHoBMa7xGaTeiGrMmln8efpqp46Pif8DstgFbNLNEx6Gs1DEN5rRDZqQHRmyR/8zV6qmr51ghLRoW1dSVfZ2prXS3JwXEZjo98SoXhcjkMZFU1hz+NvxA1EgQasqVK8I3s5ybQ6RD0oEkWPb+/xAzqLfJKkr82vWrlqn5PJFTKaZLequA9+Vh8DYXNKnRlgXO16b/+NP4k1sh80+hXfw9/lqBZK0NN3pid0tS7WPF+ACyZfXKR5I+9f8zVp5Bp0ZddugadV5qSGNZP4u8P0LjK8FQlNsfuxTJvJpWvGiQt3PwIKxH1QRP8WSrjL8+QPWYFc5rbGP4y/uY1VUnzN2+p+kX+5iUm3mCeeuQf2fKX0r8hXRzzWcSuSuv/soD+Kv42NVXX1CR/lVpJ1UoX+Rsyd10/dSd9nVnIJH+vJr4y80WDffK2ss/1dhx/EX+vQxOJOMFf9YjvXeRvz7pvVgVPK036Ryp+QM6NZl62yxHa4K5q+hUe3V/EX5cMNcFfm9y7xN+cL36XyUjxJzUDObi7WCKOe3h7f0VA9RfxR136BH9U6Jf4qzFXRL0cnaX5A9v6pe5dl00s+Mvgb67mUz8Bf78CBX8Z/O1Z4K5kZLcK/n4yruLPGvLYIaP678qfZ1kZ6+6/5i+7iTQsQZblKv6YIGQ1KxP2k/jzREOJkIu/eTMMgmDZaqRL+6/toWYq8rBdvbD8xvmzfJSiazSwMfLnFtpL9vxUWOyje5Qxv9o+aqapJZvw5xT4yqq2u902zWx5b/swUBQ9CJtJh6NdyuBPNEfuuPnsnx9gvCrKn4/GgPZ6aXdx3RaOH71+eygHw241am/uIzlYaTlU7rpIvDCUVv8MiTn481umruHNinWYCGDnbVNR8R6Gpir6/uw04fyBKSqhzLVimj/Q25U1HrOmmsl6ISYrkVho3tJN1oSptziD3bWCgarx7lRFLZXWOPj1XgPcW1RIN0PCYF8eDsNuQHsRdMcMsXvL4VARBNvdEuMvnXpJI8lfE+8/aOYYX7390ILhUFZNoOxtaOKdHtWMknFdHKOU1rVYfRbEq3oJbQjJ6OVSS9iBbP42Q51vMqlqTAWbCnLN1GB8xC/rwbnNrsT+H905U3AsfKR5IyVhpu/hfXLnXkVtq/J4iarQdJmNmNpCDQTih7h64h5WjkgSmr4c4x2Zkomj676J5CVHo+CI7sEbgsWCL3/Ztj/J3z0ZM3Va3xS8ZahpntQ0o/1fnem0YLeiH+DdDU0xdcVEgtbNmoDBLP5efZnNQCJ9pgJem7DWBdXvYx9blc8QKNq/Jbu3dJSyOo6/P0ajQe3UTPLQRzsApPlGYsCaIvksu4UK9DXUWU0G6zwP8ZaaibSy+sM0TYXvlCkmR+Lej6aUhs9KacOzxFGk+EskBt5MWou0j+hDw5knhhMz7S3ynj58rWw2/ZqOXjAFAWgWf3dhSVb1SAN1puKEPppfJzyUhuI5GtlPkBKyeugQxRp13V/TJ2psbZsDB2oNj4FIDtdaJReBHx8w8Lckf2F9rZBYjSxVfoAv1qDo87dKo1IZk0GU2pVKg6LCEsfhBp1JOpXPxmQdzExE5+EvQEdJ9Ggfn0nzhD8iXVlvU4nOx4qstgWtZvCnBWB39vf3Sz4PdfLeK5G8QvTBIrLSxfnXSP9AZP1qv3p/32x2sZDHVHniS88rGBuUKe7TJkjW0SOWjJoYxp9MaCWZe9oL5kw2ydBMNrBr/M83zp9IeAnk4Q/JOby/3yssp6MnpiPvWk05mTQ1RTlxH6VM/sBt6GI3qcpUkGxX+mzDI9V5oRd6IX6gifdEcgM4RfaUsiGr1E0jgbRmzmMDluUhEoKirJHUaKKZeYobqpnMKl7DXzV3+JCTP7LkWUs2b6uirrFJmRBnKIv840z+mE1kjrSOxbFP5YLpOEUe3EX+LG6YeVfnMFPMRtoDAKqVWPvtyPPQl83qaxtY9dnSQquyguQc+xP4YwKixp1ZrGTXLFkTtGld43+yCQIt0k1MLE+mG/xphVQjPlN2KX5nR+FMHl4h8zmM9qT5lKCJSHIiIeJP45s6d6SZ6MgCPZWgULfqGv5eb8tflMRhCtAVdI2pishfSSOLvzW7bVF5aksJ+8MJ0Ug+e13UxiX+GsyA8tAHpK7ETuCYzOrTJohR4fzpUVjNtrz5SsW88tfE5e/kL3IQqonJluwam5ln3MEEsvyXyG2msxnfYUldhVk9Zg9MkZJf4s/j+UVq3efwsmpFk3DNamShGJ6VjL/YujlnLjOPAlJG/t/Zz8yd2Dz8mTwHTlcDKt9E19iUvnwogCKDv9hg/y/GX5dN/7R2miIf6WL+s8mMBS0Jyx6epYwh7j5yc9iPP43aYyfpdG5QXyl/VCGv4Y/5VzlOG+fhL0ri9JlMTru2T3gaGciM//itccRflJV4o4HUG01ECbOEF/nbUMeWGVCoGikxP5KlsiYax9iae8ouV1h1zwrsqVTG0qmQkkI/yx+P/zK3H3Lxp/LuXuAvpGPT85ydyb//EOPPZ2lDmaUy+BGRL/MXnX3EV/N10kOCKlkT9EacP4jfOfhHASorwYIsqjrX8OdHBz+/mD8T+y88BLjAHxt5ZsYc4Tr+GB+ansL66/wlvS0wp7jfFisinzRxhj92zkEupQqYS+lUSMlCZ/njZkBWspzBW/HHQ6qsDWOMq/ib0yS0JjdT2ItSoJf5m9P8KvHNhho5BOnzzORJEzH/RTOjetiaXGqnS/wL/zPS6syd0Jvxx4SlinyJNK7jjzUh52ghc/+W5tCwYwRxJFm2uYorwjKC9Y/dOmt2ruIvvwNzc/70W+if0H/h61++894Z/LHHKOfZ1DUV+2gWa8IUNiHgj2mKOAckXckfC4xgqcjYAPwz179IGCL/M3NTEyODP2YqwYB6ATsKzQKSKP5L4IL/eSaJfu35pRb/8Cgjgr8Zf0sm3Bv4n0p05DjGH/cZhSnxE2Sdf2GL2RFiOI3NOrbxLfRoRfwxiZyNtK/jbxN9tHl5st6MP+aIqXlO01/HH7NV+Q7rZPFHRweWE+plZ8ibF9VJwB/Lv5z9CORfnt/NUsCb8cfElesDZVbP1/jrf6WJTP48PuGOGs+DVk5SvnEI+OPrhjAHJHEH9av8+ez8gXbZob8Zf3P2ctaKG6/na/wxH0kTfJFziszzg3yKx3Lu0RorokPEH9NYtSYoIF2tf1KVHRLQhBa0Kfz+9l/wJ7GlP08C7Tr+eI4uvdhURAxl8ldhEoKIkt/kZ2NSOr6J7z/E+WP7f5qanFQWvaRGn9GLzx7uk9+vpA/wEbT5ZqiAwNYPGmLdjj968CCXAl7Jn8WP1cW/qfL2/58/f+3Ffv+G51NjU45n0JKH0+5+JPLX8RrZpColfhmhwvKfdEJQg9xYo6ZoipuumQ1TPOO7nMC0N7U5Kmy23I4/ngEtLRMjF0VSV/IXGZUo3S+9DZX1Zf1roFNC/dfXZqsdDmMfezPTl4gW2FfLWsyRflsqeItKyJ81ZKmcMb+NDq9SUvgGRdu3KjUTL5N8n6U7tzYt80zI5XENlM1uLI+2qSkq/0L6hvzxD371kMvIr/0QaeO1/NHDYWhEbWQ0rfnr0tQ0YUImOn+Gj+6iA2iqqpVin4ZvTrcbAU02aqXbwE1UQ3SQ05PO8CdtZP6dehWf4W7UNF1jOVmu0Koq66q2RqLx5OieosrqOYPV5KcPVT28q8x9f95ohugALN8uviF/Up+dNlLl5gYP/T4Qfwt6NX/Snh/N0odheCzBCNWSMMl75vd7Yvx5NGZNrdjkEDNqQgmgCQ01QbKCYv6kisz2HBT5GB4DtAWx5v5KM3YOXCbHtaU7M3bPPB9xNY7RWVHdlINANomMeZlb8if1+dFiXR2SoYsDYXw0GZ1OTvFn4p/3iedwxiXyJleRqs6snkZ++WfdFafTqgp5I44kf9Kdgm+aKXe2X+LnFkmZdTiPD1hL8Sf54VqLOoUmoBrNQOvIOgwVsZmyVE/vieBVAzNyk1kCX4/GXCO/f6Tw89dYrPHz19R2kJHRO4w/fBGLMOd8IFS4ivD4mdQfLgmShy0qP/APlmnryHcIye+W6ZGJ9PcaOqFP+VeW58Kj13VJTaOkmPHk6XyN6w7SfbT2MM9V2oRuHtl0in//kBrQEn+UQQooWuKrDCuknx4ow8bJveyfr3prlxRFpZWj2pXhPjK4bQWPi06CezJmZUxKrjU8ajPij94hG2BdhTyORz79MDYQU7770hdYnm9RRIOniOsY+j2+YwA4tu/PR4IWrywG30/8/qKfai3qSeOeNtG9q8SqpBA0N6/WlqhAEO5Pvtp5a0Ndw3bCFDVqp/fOjaTyWgtxb4bLbrOfWC35yARXTJz+ydu+4O1oIC3SWLhv/MTfGrv8gdpvauJ8CeHvL32pevFE+0n4lW0VKFCgQIECBQoUKFCgQIECBQoUKFCgQIECBQoUKFCgQIECBW6P+mhU/919KHAtHgZl2z387l4UuBKPrmO7nWfRo/rT++g7/c8b/2DUyxi9wezhtqZuZBv27P1pevLgfQa8uq49ePhZFHoPA9t5Xv2k2v8s1A3DcDBcd7fIUWCxGuWq+NN2ZoLbo0nHMRzbRg32Lot49JCroRNMHXv3+fj8sf0b1l7E3xbg2IZhH7I14sX4OFUpEXaOK3jx3XEMu/z88jLbQoPu44WObd1trobSmHYmI8/zpKee8xcQCPzZMNxF/bPnlN2XzPdnQloEeHbcU0UdIfpesFi91dYpd86r2KjjDHI1lIJnDLxduWwcnkb25JoKvhcQf2Sa1reO4WYqYG7+JiL+BkAfL15HV2eN8ci9jr+HzlSaTUZPk6300nm6poZvhYg/aWqX3Xf8l1evp5bCRZ0yC/y9n6lqkSgE+ndivlZu2Y1pXL1sJNZIL15B3XUyY49YAf7XobeQZlDro+ONPi7Y5/8IYvwteoa7Qt7bpAzu4ZZ6M4PDTKo/2679JK0Ok0nPMAaTyeHE0NZftuBV9p4xuTvyIvz7kJDgwHESJu3BNhykgJPDZAG1gwvV2+HOwI2DYfQmk8kAnj8cDszT8Q4HxGp9AD14ejZcd4vmw2IHPe694CnWg+ez8uHQ2Uke/PNfxwl/I6AKAXxEbH069mRkwFXnXVp1bNsol+GJmw7rHl1UAEp1noH2Zxe/CNedONF1t2wnXM5F2bARwbD0jp47tFX0hgMVwBqGKhihyrnWLlzHQTV17Jf3jovcWOBoZLi46BbNOMzf4KUD1Sw62ev5d0eMv3e7DAvG00dv9/C+euw5Tg/Jo2McDnZ59/kykqaz3W5rOM+73SxlmF5cw508TFc7WNEGC+kRXuyBbYQX4w7KCkhN2tRnBxvQntE72M7LavoIa7ANKryDko7RQ/+BAo+2zfmDKiRsXCcQXq6mO4gyVwP38DD9BLpRXc8Gtp8D+Pv948oI5Bsh4s87gOzAb3ghdrO+NbDUOrBIbSMvQ7j+rVwWCrw7RIpC/+XFdlIRyqPtDDzEn+H0sLYvwMSSd+qR/yLiD6wAvrdD0SRukc6O1cdKmj3DNJxKu85/P4Cg8YNXXw3AfYmr1YoE4MCfHXPjhP5nD4IC+ucUqMQEC/ibOU7K7oLMkZL3jLJNZ0UdyuMGRln8kWkysmF+kRkHMSwqOejVP6E3jy9T97+//OH4vQeAJQ5MYOIJcQA75YSPKOIPOIvsIphELDYBf9RanpYEW8uJnTlkLmTxx8xANHd2RCXrdg8/Wl0Z/38vAH9lkj+DBYjdXIyeAMS2dZI+h4i/HaUMA6kU+q9Y/1L8geEl+scJQmqPp1EGf4ZDLfGAd4i9Vj98lHcz+2P2N6TIcf5sMBhMdix/XX8cOB0AmCjMH3HxGUT8HZxI/DD9DRvZszPrX/LOp22Q9S8y0e+usUWCz+KvR+9AZ0fp195fZrPHfGna7w60/iVi9RVYUtfBJpXy14t7ASL+wNOJVBQkjB0iAX8PZLVL1IYNZ4/7wJL0dJE/j/PHjCPwVz957e9BLH7AmHYgAnh4qi8WSICEv7jMRfwNnHz8ATV2orBHF69eLI/2Tpo9w1+94C+JNH/gv9N1w8vN386xo0AZ7B+SsDD/2Uvmy9Baif3OXkyBH2ziyyT5Y44xrb3gjyHFH3IM2DqYm79VPNX8Qvf9RPw9Ur4oPJgsuGAs/hD5n0DpLqqh4C+ONH8RXZ92Xv48BydOMRbO+fgPvRhfTWcQceLKIH432KzplE/iv2nkrcCbBX9xpPiD1YtSMSobIv4SsQLDg2sYhCxvwmJ04f4RMOGUKdWjiV2muRqI351nYrUPjrMl+Rc7SswarFM7u+AvifT69+wYzsNiUX8o22URfxCxoeerZGw1sx3nE3ye6cB2qIIJ+QOmQT8HL6vV43MsYQD89ezD+2LxPuHzx9s6zmEEkaiEaSuvwKOaudttwV8Caf7wDnl5a7udx4mIPw9lmHu9TpI/b+dC/L8tw79ZrlTMn7TquQ7ZqTBs+4XWAn7Nqme7vR7aT2CuCig16GLnE3WyZ6NGbdd43zoFf3HU3c5HIss7eu64rtvpraRtxwDm/ukk+JXqB3jeOdmon6Lbrlt+5PuonX+Eu9+LzwG8abuuseP8ovivTtrdRpHIIzqmRrYQ6MPnuuR0XHT90Smzsp1/GH8fH59fHv+3Bzrqk0R9+rB64k9On49WD1PBSbX6ihQ7W2+sgdVqGldOEr+j2wnKF9OoRlR7Pao2qj3WzvkWC/xU9JI2vMA3Q8Hf90bB3/dGwd/3RsHf94bjfhT8FShQoECBAgUKFCjwB+J/GNT7u7LabeAAAAAASUVORK5CYII=",,
Washington,Northwest physicians Network,47.21521,-122.43749,"data:image/png;base64,iVBORw0KGgoAAAANSUhEUgAAAVAAAACWCAMAAAC/8CD2AAAAyVBMVEX///8RiWkBXnMAgl8AhGIAhmW+184Af1vh7+uTxLXc7ulKS04AflqozcKeybxMoIj2+/nP5t8wlnrV6OMLjW44dYYAWW/m7vBJf44pcoRMTVDJycpFRkpTVFcAelPO3eEMeW11rpsZdXhYWVz09PRvcHJ+foBkrJd8uKbX2Niz1Mrq9PFdo4zn5+eur7C6uruHiImSkpSIuKjS0tNhYmWhoqMpkHI8m4CVv7E9PkKpqqucnJ59s6FgpI4Ackfe399JkokAb2YqhX1dczeeAAAXe0lEQVR4nO2dCXviPJKA5ZHlA2x8wMzuOsAOA8TEJgeE2Ln6y87+/x+1VSXbGB8k39ekE/dSz9OdBMul0mtV6bRgrMeVqqgRaxZX1NMOKmlC/31x1q8DLW7JhJlqLRfRlthrsN5oU/xrpAFoq/0fAerU09T1C6Fy4QzcxlyagDot1ncFaIv9pwKa5aLqs6bCNwBVuNlsUUeAKtxuTHtaoHg339ZzaQKq6M2YugK0xaqTA4X7lWE1l0agIm20vjNAm+3/BKAN3tAItMXpOwO02f5PAarolayagSp6rSqzLgFV1F497ecAVfihjhagwm+wvkNAm+z/JKCK5ZU1tABV1FXdog4BbXL6zwIqRuWObxtQRfdYVboEVOG1oPVZQBU1LGloBaoktZFAp4CKpJr204AeVL52oHWn7xTQuv2fB7TcTWsHquhaJbduAVV4JWh9HtByVkeAilHF6TsGVIwO034iULGPokeAHgZb1jmgVaf/RKAKLzQcA1p1+q4BVfiB/X8JqKjKezkdBaocOn3ngCqinPYjQP/nnxWZVWSdqnoDsr0zHAeqrsu5dQ/oQdD6CND//Meh/L0hz6E5qkHbt/PHgSq8vJ7QPaAH9n8M6N/K0ggUNK1q2RajpXeAHqwndBCoIvZB63RAAVs1X56DeBdoyek7CXTv9KcEWmu9ip7oe0AVfT+D2kWgJac/KVCNt2TzLlBFFMw6CVThedA6KdC4qimvdx8AWiwidhNoEbROCtRNKpry6cL3ge6npLsJtFj2+TZAi/WEjgLNnf77AM17rV0FmgWt7xJDlWI9oatAs6B1UqBVFvxPAc2cviNAG+YvaOfGSYHOqv3QY92mesZyEbEjQBum4ChonRKoURspHenY+w0W0S6ebgBVh2mD/eZJgcZ+VdexoecobnAafAIdAdrr6Q32904INGpw4iOTIyM2qJuJi4gdATpstN9vBPr4H4dSAfq3v1euG4Y2CNWGOFNsrGgEyhqcRl11B2ij/SZrcLx/VeY//1aVyvV/61xtmrTfzyE1A212+mFngMYNdUjXRk1AawiPyT/+2QCTMi1iRzNQZjdYlHSnhjY5vZJ8ItD9OnIL0KblP5HWFX1XoB9dvjwZ0MKiNqDVoVWLfFugTU7/eUDFrLCoDSiLGvoeHQLKog8RPRHQ4ztHsg0X4UcGpd8XKFt/xOlPA7S8G7UdqNsQw7sEtKHb+VlAy2ur7UBryyYdA/ohpz8J0IOdk0eAfsTpvzPQj9h/EqBqeW/vMaDVWemuAf2A058C6OF7IMeAMu/dlv5bA/1A0PqzQP9dV8FnBxYdBcpW7znN9wb6vv0/X0Otykbp40Dd5B2v+eZAWdP0/SmBqqL6MvlxoKxhPqRTQBumH04HVKh8VnuV/B2gbPvOfsFvDvQ9p//TMVTWeHplXvXNhjfz3wPaNLXYJaDsaNAS//qvQ6khrFz/3+JQB1NrLvq7QI87/fcHetT+v77q2SrvAq1vhewW0KP2fwnQo07fAaCstkL51UCNY2/edABor93+rwHauJ7QIaBH7P8ioEfWEzoBtD1ofRXQpkXQLgE1vhvQxkXQDgFtdfovA9o6tdgRoG1B6+uAtjl9V4C22P91QNsWQbsCtGU95AuBtjh9Z4CydZP9XwnUHTV5TXeANu7c+EqgTGty+u4AbVwP+VKgbNb0nvhXA52qFeFWC1AW6tW0qlUF+vfK9sX/+tMWmVbNItGS1E14LW3LOY6/TOKBXZO282TdelK7Cv+/q/KnLfIacmlLO2xI23zM61nOcpaznOUsZznLWc7yW4urgeAvMfykQYZnrlYmfWRomXil3+lv+Bdn96AM93q0A8Gd89p2tdpqFQ2sdLcGXfGh1CLVaLkp+Gm011CkkjZ6mQ6vsNUtF6gntbjRKktLkl/FZJ6rtYohdWclo3KAngHp8fJEpXKT4gjzm3I+xZGINuUW/PRGuhztQUFsuJaJ9mgVv3P/h86nmryHC8F1R/46dZkLyUZFQrjgqTQ65IphlzTQWFLL1U9NtrW4hbtE0RxlrXMdN93HAq4NhkJqEB5bQapZYaM+6qEOnU5HgHs4jYNj0GDhBjTTwoLZnO7W/Wz4B8bRdr8e3Lg29gWsCBoDNvEEnuIUMx3kevA1Qz0vnx+TCtA3w/zREhdnPPDcHo3joQq0N0zFlwd1m9ZtoEw4AyFeVVHsSkpDIQ//g3uEkwqRuGwl6EDAoa4IehNepQzXLheKOoL/RGLzvQaFybtRPeblParyjAxXV5QEJ7PxPIKZqojUheylBgXnTcQrPCMhbRQiRgvWLJv/pnfQY5qCgro6UBUegT14N/yXHaqBW6DxlZMeGBoa0gJ6xGJvnS9Pq/IVOsYM9WgDHbe2CfzPoNULlQxXQwOzk5tBZBYSqJMDHeGGd9PE/UxqHIG1qefZmE/i+z4aM4Kf6zLQH8BPjSl3dcVsABPhE4iky8MzwQmplKu6k2lQ4GfK8sfhaSmQeS0DHdG8nHAJRpxp8Lk61SRQH24YkY1q6GVAIZWQx0YTUPyMgK5UxBcLlU+NAiie65oDFb703tdkb12YoBG0m4JH7BWys/GpOuZKPjUAqpqe94qQaKMSiyy8zgqgeAQGAo2w0uAhdK6PM3NRZi3woxNBQK08Z2wt5ItFWJwfNtosXxPz2auq6HS2QBayEEE4ZMOBbRs5wyKc4d1SiQOllzOBOp1oGcKfr2A32IUa1kNmgIYYf9/iu+foUrGw/Ne8hvpCYDG3eQ0FEAQUTd/2mDfIp3wImjrbAy19kQwqo/LBXbpLSxRihkvoCfgfZePhUzMcWZ9cBb+uAFPhTpD8XBkJVFENArrKKgqxWyNQx401kZ06bfM9UGWUjPDdT7HuYRWyaWZSjTF3rGXKI0nsWeRUTjYH1AQUKc2ghoJGEIWA4htJ4IKYtqxhi0CLx2q4UseaHJhHUE6RA4UKTkBxtRaieFjs6pVvPXDNyF0+IUO3bhko1RHwvBGeTI7Z+fmraVS31vifa2CUS2g+eZRFmRzoCE0noKBEvjKEsdTHZyR0Hf7nROEAaCZQHDDtNRRimwDYBFPoFIdxttRjoU7RjYtBzjAtAVUUJwGUevRYmirGM1flZDyd8jCTGlR40lRDgar6WH4oayINwQGDXebyYAYBhWAj8x9Fe6BYHdAvCKi0dBrvnzDDlgCLopqoAuuLyI9awho3wOKrOp6CatlxvmqQf60XAnXwyaf4WVgHSiWVr2kcAIUSUpB2MHzSE4QnltBr9ZiHbL7hqWqpSmWilrcOFBsDaKcRKGpUM6B0xkt2UE5UaCiADko6AKiboB0xehUCFQ6UG5sWVGAn1Hwo014OVMVyYOSWQKWlB0Dx7ReI1NxNqUgcaXA3B/pIxcd/qcaMYhlGdXOgUES5v06NIM6qRVVyqFEy8ZJdAwquZ9sr8sqtKn1MLpGAa2AeQwNkSHnEES5VkKvXgI7S1F+D9kd0LNA4UDOgGJaK18FyDWbu8vSeQzQwMqDkq56GrXPsIlAmyygrh2H/4Ep+hC7w0cl+JQOaGmRpKQaxbBcCWCqLpmK05PRAZpnLi1WIldCQQEWaFBlIoHJTrRpBeWSMw1hhykYJ66keVYEWjZIjF5jhpyvdNkag2aKFu06TJAt1SQPQzH4Cum/lESi2sXinG6bJKNOQ4gPcepkuaPi5T7Ge/RAUZ7EIAwlUvhqgmk6aYHnMPO4iUCvbZNDeKMl98NDEkRqwGKMmmZdgyWWjhCFbcRGo8KkFk1FWAmV04qxqY2Otzoa9LbZDvUjmh94xqgEt+qHyxCCs2Phc8WgSfGiaR+JTS80yTXWg+cEYNaC9DChLVYEaKLHsNhGL4ZB6qdTPoCco4wWUjYBmSAZQZtUjoPsaamWbJCTQlOyUY6HiCZOzASCXwK8ovRj0htQaMwkUmyPVxBiKZ+4m+RvAGVDaXwd9IzOzjV7HsiUGfHuNjhZrAUoBA7/uCNcrIXe3iKE8oVY2ddTswPS/ABTLAhowi6wfGkkbqe+hZR03CAcg1H5Lm+glRh7hKyOqg/lbRgkobZIod+z19KCGyh29rqwjGDhQg0qhHJw16zZRGPKyPiJVUYTkWkJFskMcQ0Iw2+oqHY6ug2ZbF9RbdeAjLCX+TRnCB5KPTBDiLZkOyA9U5jLCVl7qowqCN+yBwh8FUC7oODu8lzogPU4DMCz7XsMWUr3Suij2qQSMD0kHmCO/QWimgoGqNNrTyZiUxkBCzY/FHQkxxXzwMxjm5IaSVagsi0GgnbTg8A6HC26qZ3oGsvgAOVYxUVZ2VCywqrqp4xCkgeOkGCmHKwh7fogGRnANXxs0UnlNg5/EZQV/UwyVCWz4Qd/W58DnBqnMxWVa6Of65A3FEcRerg5zT50Ui0z3ulme66zzWmjAVIi9RzbOPKkjy4hJA1EoCxMSw1O3Hbg7XeWLy2swMU+6MvaWhqxUPlnCKDPD2Vsh9eTFN/PbWQYrbflyR3bqldif11fX8Cd0nqo45wXqs5zlLGc5y1nOcpbTihFVvzwP+vdRZZ9lHNW/VrNZtOoZDSRuflGLIpyFMqKWbaglY47k6UbRh7qFXnS4OfPjxfgJCfVpbZfqdlrZSutNW751vib+tKEbPssGEQm3ppY+Mthg2vBV6Jjyj/322uiPsDENwxXZ2l7fRnH+2AP0kph5fzR/D/gpJYYhae0bM02rsst1qK+raVoktepAB9MMaKqa0SBRQzawmsdprrkHZZh118kzES3fkF6RqHRohADDYrPRf04qA31Ncx9uaGqOk+WHQO3QW6UhGrR1wojj2k2Yhj1GF5wVYjMdxy7fqcEQ2EGgcAHAxKHp4YVeKlL5zFJcndJ4ArmaA1Q+CAGaFw7YMHQcPDk7XCFV+n0YgvLIoTy00AMrcjpD7vi0zmXAXWiJt6Y7aE6CLPNCZw2azdBg7hbG6gYzhQg9IzSl2biKNAi9mTM7+YgysXprnD1xp0J1ePbNzwh0y4Wf8BRjQuJwsWYGhwT6kG11kSS4F2FtOaPpCuddVAdXkDSLr4XQXeZY6cha4Q10YagqirMHuuIOG6giSQGsNoUHtZ5qMU9e/WkIViSYyk8sB67NmPaH+KFMI3gAIvF5Pom/0gc2Toi5ijJLpykz9OQ1gdSQ8cjXlRgsUVN1qsHfHoMEDue0cBMNMXKlVpJYictmnKcj3hpW/qIMgUyEq3CujpszsmO+JNCQGVB5DQ7Bx4QaOgPunj6DC2SVNsS9EqkauyK7c63brAdAPdzOkXIXosmQLgzy08NSwJLgHpUBPqnEilkiXFckLLLWsWt7zLUAMuh1k7WrWTPmPQ7h7kdIj2sCVmb0CNc6hMuGVtpj0M7YVhi70MxpVupChq/M4RqL/AFYBBchbwXcZqTHDE2OLAdggkUzvmJDtf6Vyz8nMz7zIqEbVJQitBFQnNxMRq6G4RNjaCpmrzPusy0GWFMfRDx9hYrhuThZbcOdCc4I+hbSeoX65sU41zqA5qOImKnw0xR9kRCnAHRlRRpU5lhwS5lJKx6z2UuNNt5sfV3dkhY2yoBGuu9pPh+AebqFC/949+g1BpNtnEtNWb6si0DdwQ8V3WZkSaArS8PyOGwG1Tdu+A7rnxJXEfp0qkKzVAeKGacHQLePjwNbmk1AHfj70XBxLpiAqjlQeSHGidtDoPn3StMnCLRnhaspzuEOfK4qrgSK8VcCHUx9+1FHoDbWaHmzI/h0yrFZcu2UqzyGxgbuTqRlQ566NNkbI9Ah3DXTsKXMgaKjUXk+BaitO56m2XzkNgP1R27MFQPiHrq8zbxZhC7vAgzPQ5dfmeDZGdAQSHhQGfDxs1e4kAONrG0bUFxBSbDRgfo24oZ0+RR+n/YQaEox+xCowRXcPjPSh95si1qGETRf8YjH5PIzSO5wm0UQLwGoZ4GbUA0FNyxcPkSX/wygyZTadX8aUXNgZv0bcwpAcYsdhDjIWPE5xLAh/Ccg/VZVoVFKsQnwfbAaGhQACh1LT+epKqYuXbCwrfBll0mzskNs/WkOFDPycT3cVnGFb2hxx4HnkDVKiQI1CBulGTaIOtZUADqaZsbR+YMrK3RV3XGgqfKmKty9RosUam/AEh8bWAcCElxTODhBysWAGiXfGslGCYyJ1eo3WP+cuCvqZLBoZUNdw12QsuunrTz4DFfeqH+xng1XUGpjtsalCHAsM+s2rdfY1cE7PbzT+7HWbLwiL8SFSnMtuydmvhhByU1MGqsYKFB3oSu7fbiCh71az+LVCtLj6qXse5krGmUZ8HG8Wq9RSXY3mrqmfTXDkEwdQH5glI3lgS6WFmMxMJFJhcY+Vdu6xS+UbbXX/xPiuib/6Bjst5XV9HRAh39YetvLpf9vZGif7g1VdzD44tddz3KWs5zlLGc5y1nOcpaznOUsZznLWX5WFouvtuC3kufdeHzx1UZ8G7lBub3/iSr2MA6Wy/vyJ9cPl7vd5fP1z9rG2MXDS9ce1VPQRwlejqysLO7brzHWD24OP9j0SWcQPDff8PZR0ovd7uFhOXn7YPLvIePJ5WaznEyCZWuSi2B3RMF1f3xYvZdBsLy9ur/ZBf27phuWT1cfM22x21xd3S+exyeo6r9OxgH61PVy0m/1rdt+O2zGrvrjg783QfCQ/9a/abhh0v8g0Js5m99txovLxufyXUUCZYvJRJp9UNvkH41Ai3Rvh0DfxpOi/JeTfkNsnvdbfXhx8GN3w+ZvbHlx9XSsAN9NMqBQeKB2dTeHFoaq1cvd9dXyacKu7yAg7DabuzKam2Uw3r2AJy7uNpeTCVwtGG0mkyLl9RjD69XdA7vFOIAZvWw2cwgyd7eM3d1JV76A6+z57u36Muhj43a7g2eCl/r3bLe8nFxfP3XJ58tAr576u+U86G/g7+X4NujPxwv4bDKf9PulQi12/WC3DPrBPbt+6gfzOVwt4sV8UnLQ5eQSgI0vN09z1AvgduP+HH4bQxZPY/kUbsbwKC/HN4B8HozfHiDtJJjDU5lcsN3t5Jq9PXWpm5sBvQ4mG3Z1idRuAvTJJWC8gA774u36OVheX5fcdBnMIQouLgMs7PVF0IereZGvJ8HtPuUDgrkI5uMX+OMlGF8xSDoPLq6xoR8HGdD+JT7PyfIac931Ie3bBKv23YZN3m6X7Gbya1CcRiTQt+VkfJ/HriWWBmpJXusqMfSiL1sVdxdgZTxslN6CfqmPdRsECBTrKemln/OsUaoApbYc0lJeG+x0XD1dba7Z3f249Ii+v4wnu+VyPp6MH4qPHtDnoa7kf1eA3gWZU0NMYFWgV/1yG34RAKaLnPEtOXIbUMoDou6tvHGOV8a3i8X95OU0Jf1FMoa4NYaYKKvj4v729paILYOiHBWg89ypr8cYGz5QQ7MEb/0Aa2EzUNnXWmQfXvQRKLvfTSbzTtVPLNbz1f2VbHEWm/54/PQUYLuy7BcFqQAdF3WQwsUh0KYYKuEgLeowNQOVXdbFeEKm7O/pUntEMg72HXro22xu7682wVGg/RLQ+1rHvtLKL9nPAe2elIDe9uWw+bl/FOguH7tf9+suz+4O+6HPbO/y9/1Jk8tvgt8V6CZrbd6poRvZWGOExP5MBejVeB98oelesH2j9CDnBHKg+WB3Pvl9gRIpOQo9AHowOQINOQGC/v0zq4/l74oR/EtAbPNu02IiUc+zHJcBDiCA3W8L9JYm4q6X1UbpCkeQi/1IadOHMQymI85VoIsdzja9XeFok0BCF6gPA9drWV8psC7YG2V3QVNZvxfQp9Jk+xInMZ8mt0+XNPTcfx4Ek6fSZNRmPA4m4/GS+FyNK3MXi7t8PpRqIMDZ3TyN5+Mgc/EL6PTSs4DsJv2ny9snGnrS5OniSc7VQZpPKOsvkefn0qDyGWrdy2LxACxvn/cd9MXLLliWp4ju7+aTZd4bfX5gFXl7Wc7ny4esTmNtu7icz4sJlAsYNLxk2S1v2NszZSfDyMMzPaW356aJv7OQdNh9v6ecgZ5YzkBPLBfjM9CTyv3y8qtNOEtX5f8AVgZ8WwFQcnIAAAAASUVORK5CYII=",,
Washington,Polyclinic,47.71887,-122.32621,"data:image/png;base64,iVBORw0KGgoAAAANSUhEUgAAAY0AAAB/CAMAAAAkVG5FAAAAnFBMVEX///80P3woNXcyPXstOXkvO3omM3YrN3iTmLX8/P33+PsdLHMlMnaEi65wdqA+SILa2+ddZZVZYZPS1OCfpL99gqbs7fNlbZoOIm+nrMVFToTx8vbBw9IbK3Pn6O84Q4BPWIyytszKzNm6vdCCiKxrcp6NkrHe4OmXnLqqrsV1e6FIUoi9v8/V2ORvd6JYYZEAHG0AF2sADGgAAGeAQpxWAAAYTklEQVR4nO1diZajOLIFJCEDsvGK08Zm8YaXdLl75v//7UkKdgSmOnN6st9wT53KTDYJXSkiFIoQmjZgwIABAwYMGDBgwIABAwYMGDBgwIABAwYMGDBgwIABAwYMGDBgwIABAwYMGDBgwIABAwYMGDBgwIABPwCLJAmaR23b9jwvCBLP7/kc7xBvlhyb+KB4HsD37RR+5bF2ftwO7OaT87Oe1XxmsoNyRcm7afHYoizbU9fG8mzVg6142vWevqI29tuy4LLn8ZZW9XY8BOL2KHIv8kySJKLsETFf1ZuOLHQJQRgTLODOT3HSzUlwOD0wNajBQQ2Mt6eDslYbhokEdq7l4wtESXrCfTbumqTnCJtXn+ony3WIZakAivFjnbblxkzLQuykIJEjicz0CiMqPdheu0nHu250qCsy1/lNx6z+yFi33OYtLhGhRV0pxWg+1kLjLvquz9B+CS9rzqo32sct0SUQQvw/Qhk6x+31S64Ro0hHegr+K2XRVTXijqG8iuhxdQgkM0PeitcKFu2lKU+ySeWkt1xjhmUV85KRTpwdnLZ28BaI3Vq6khXcoVS6KtfVnrCZmj7AIsLiJmNV1MZOHtBibKku63mJmEH0UlVF25JQcxk07JXN4M5VnQ1Nuxl6DdjUj+oqTleinAaIYVwUfFyofP1T/bgPTYdXqiKOTD5xXWYwORmqYnkrLbJLlvIt8Lm9aRNXtg+qiCZ7go17Fx032TnCRfkYVBG5quutw9ykqrqiSHPNGhunuqTi9FOopRx82a3mWFXFTWhkV3A5Q3Fxg25Gn43LY9lC5qZx4ojFfWSu6lsXQ/bxQ+nQ1c06DBLFSiklS0Zm3rQHR7JzVTwxhTcjzTbkbCA6ar9Je+5FTbeVgZpAZ/qluDy406IRubDileVKQP41L7MBzzuxhqzzZNOgaD6bvR6IwcPKgjIv6cFQWgwLX+v7fXJ+uQynhRPnXtfJT8kd2zUrvRKjBuGj4nUe4h7jUhw5uGZaBDLoYzZZXUaX02TmMi4MzHxEepINqnhiBusuhA6pygbOho72zf5SXCBqSqpdOK3jslnEhtK8ifRofT9dRuPVea7zhuMFZ2wsC0nVYMMGpr2Am1XJ8zhz4IFmXY7sXAzNbjqz4zTwbW6LBdPPyZ6lA5Oua309kWw4C60BOIPvzTNSbqJtIfdihFMq9tvlIUltG9tLDnMHmXmXsbFsg+YALXCizR4t2OAS/tByC29gId9ItdG8l3hjdqtfa48d4IKw/Tp+Bn5a1+AZhyZ/hmssA25OBWNzLsyqJJgo7AApT82irDsMD7PKfeyQVCRdq2PAus1T+UW3VeXhARsqo+UqVcq+0QqWHGpm3sWtMUvH6qOpmXammfNvgVZob9ZUjdFqJ5Ns8HHdalhZYhzgSeWYvyaVSqYIIgb9hq1vdTFhXZxfvKHdLcfD1cOH+GUbkoYW16RONUp3LvdSdrnlrn4EGwE5p6a69q4fwBR9VWphSzb2qhlJ4BLl4Dg6UkznSmsEvY04Y9VTRh95edb2LRsjMexqNgWwoeN529TBmpNGPf2zZKM2Dv211G6IGrFKHz7unA1MBfhMAn4S3GQDpGD5yBJ6aEl470Ac4a1C7HAkL9Czxrqs/KX00PfKF72BXVLTKSADaH70CiMDz5sTE4EgKtiIxJ2hunrpw4yaRtJyNnQatVnGCjZsoYGQUWXehyZAxqo5pRXY/dKoO1uXcJ7NccOmUrBhnaUULt7Vf0AXerTNXINZ2jHK4i1lQ/mevmw9WhscNynaJ1m5O+DYrCukvJ7FgLEiMVtyu9iQRrBRNaAyNnRz3FKEkEo1WxzYwNWyRtC99tcWe9kOtGXjlNc05yJSZ0NbgATM2T+DNd/WgURhE2i5fbkXy+mfmo3Uyv2odDBLaCzEMspBnDUoU0KODdQ5NpYdY4Mr5YvyJskGrVIFbNBK1Y8URkbHxLkf5k02ZE/TafboHQVFopYXgCACWVaef3WxYUmhhCfl/hKLTkBzlTmG2eNMPfQVj+uuYTsb8u2Y0h5Ts0HrbFjQcVoo/R0o2IA5WFZzX7oCqjOyJmCuW5lEdLGhHaROICXNEYC0yeybxV52N7fVL1mGNZNsdPkAQW9ULUWwcB+h3mYeq9iwVg02QE7hVde0vh9UbMhpNE0fDhqXKh0ZJSyhRiVF3smGLZUTLlncsvOauSiVszVE+439HmxID5ipYINer+IUCRW8q9moSyrZj/gQ6/JAKmvdHPYqNo5GQbUtZRB6vOuj0vzgrV/I7k42tAUomrxH+oJNhLLLn/Ju0uYnrRf+no1NGxtcs7+k+RA1X7GVDR2VdJR8tM6as/MKRo22PzRth3ds7ORs0Ojy5gBiqV5oITtDqZRbR+9Eeh1y/yAMjdzTBH5AR+FXUaEPG6ydjSnMf5rUt7NBSmxAf92+6a/UXc/Okwy/1uvI6ceGJJtK16F1AmXatbSSvhpUqlg/eMNGIn34mSiSeocU0zBpeJNeKlz7Mhup77S5OtKLjanUcG/7q0vqsz9DzQaqsSEZMKQ3zX+0+ZQakLpfD3OB+oYNbSxHYJQWKf4onD8JOGXfDP4cX2FDNvZGGBUI153AvdiANRnSbeXw5sBVz4irO00bTDE2bNFPEcyUF9AsHd7RHFOpx828Rd+xEUgzzJGDIxE+ELLNz21qU543+DIbmtTk6KP2nr3YAHtjq73BfBEIeGNzlnjy1+WkeVGTDbmekspBKbS63zODL51FhSvoHRvaSNoy0r8sJheoxLmcbKBt35X6r7OhnWWJtQlkHzbAn/NeemRC98LO6a92U9M02fBfuJgDw7LAq0+z2HDtPGv/t2x4gj5k3MRquXyhwu8k/aR9LapvYcNeS6vCqLRQHzam4AXvWCWp4sLaXD2aig3pe85me+t+xEtINylye7MBhpNYj5P2VcnDnvoPG6u4bfgGNjQvBMOqbK/0YQNMddWqmhq/xYa1lCYCvaezjZrZ2gVYY8dZD3/PBsg2J06EDqXn4gTMp7pWVqv4Dja0hezkRjluoQ8bB0Pahr2nfr/Dhg+rTdmbedIt0rNZjjCosrLeswFNRF73us8PAjPMxvpaG76FDW0Ha8eXosp92EgDK3p5cAR6s+Etrjq4CLOlrWD7G0JROmZ/iw1fSiQiXq9ifP932NA2ECNRXNSLDbBzvpENfL1eR6dJFEJIAMGZeyhlo5/d//tspBN48TpO+XX+S2xoV9nPjdxd05sNXeXlUqPERrNtwL0E4XtpyxhubmqCpDL7SapYSirUX29ki3Z6dakxZ6Pv5O/b2NAmsqPnM9g+bOwkG/gtG6vAti3+j7PhWZYIHT02rZR5LRgLGfq9FFoH6rRlaawGMJEe/W0qLetZOqq67GC5pKfxoH0jG56cdpBM7vTS4rITs66VLgn8WAs31epB3LvwVK1ntMVPJRsE6YRQRk6V54KF25w0KmCNwQ/4W2yAZ72umewZ7l2sLPq72NA8GamE0wlWHzae0hRjb13/mZ+KyLg36adq8YwgygUVCR+vVexXmw+Kbg2qqLzbrNqhe7Gh7WTXMmqXgbch6rt8831saE/wKIC53YeNBCYBb8VHyPRwK11VwknluiHdq9lA+BjHxx1EtlexBIvh7Tjk8KTaKdwb/djw5MAktaPgNuqMIC/jG9lIFx1Naef2YcMGv8H8XR1n01K2gciksG/NSbXKo16uW80V2AFwbxXEfYWNnaP3X/n7Xja0jTQNpf+4l9cQfBfhu57TNGt7+amqz0gXGt4UJVB3aX2FDR8Mlc4A8hK+lQ3tKv3WwtdhKS5osAHTv949pxNv2EhXLZyucAwAxCmUFl2+woYGyh33FFXfy4Z2l72dP66djdJKrK/IcvireMfGDqKa3gUp5GunRft9iQ3INzB6+g2/si6uYAP8uSKA7N5jbGi/JD1vgmq08zp6v5z9jg2IfComRG0IZFhBOaDqS2ykcRidAWulSn4lZkRhDflbWFSw29ioxIwcZIctlhLUCM37+/n6Oza0WEpRRQRvFXIptRIg9SU2tAtojo50pRK+Ek+ltE0XMm7Bicd92PBnID+6XQduI6xdAcmG2XEBzMTeBagcoULl+drX2PAhLL6fU6bP2GiLNVTPFA7gQHObUwlFrKG0APk8oVN+uKwnG6iLDW0HQaZ613rKFHIuWVnrfo0NcKjy0dFnSR7icL+TDQjRli/VIw53JpuIdAadNdlQRLdJC3bfaQ+MISiiwxUzfUBkYHn8WKDb3rGRoBY27DP0gvc+hzxG/T0btRh1MZ1oc8JB8GQbG9UY9QQCcXHUYQO6jeXBuDnue7DhQaIuCtsyuYAM3agYeTb9DTaw6kyWINqyuhIU1ekxNq5tbLSai3ezg41a/sZtD6/xaJkJHBLNJa9znr0xm8/nW6f5Yj3YyKgnbKm6zop1OP2o7prQwsatOsQS1EraIc2oMidKCTAuHAsyI0zBxrFoM2VuUycbWRpEjQ1fToXquU0X6DrEVDaRxuWKi7BBc4icYsUintsZLZtiB0nQyFw3pVVyghQkolf7hS/Xi1njHWvJzNN2NrT4I0sp3DTPT0uBkzLvT8FGsVADs9hay/uK1KUSPGnnNthQ5v3ZqzQH05gp9Otm/+QNHYkRIfGaR1GkGhtha3ZeGWDxidT+V2UnC3+xSrOU8bYmMwPIwqx1lWBVszwWpCvpBkYdFwzoOq1c4t1QSeDbuooNb1QKQxlD4lTlAl+oG3zW2gCLXjU2IPO86bkbp8uY2HzElS1UrGDF6FNkKPuBlyJIgiC5NDSWD/lgbz0QB9dIpTiLLvHTszTLnx5HayOtA2tEeE8N8DQvyxhHZm1CBx71tgocSJaCbeD1KF4EcruYRXyZM1RqJcj4RKtKWZfILDF/h8WXytM9MaRwR7DvQqiDOhuwANcw+K1lmo3KJbp7Xx6nnm1bfnLYrFxDx0+VhdsY8IF82x6x4P49zURGxDBMTgIV/6dbBxB8aTw5TdvDRhkU1TOQ5PKt7rSZ6t7dzJbDCC+RFyn/N6q+1amjKouUgmNBvtTiMwPwc3Ys3hybJjAErKq0zeHFslV+XhNRSyr+490NqdloPoH2DQqxYpY3DBI7v+SbsBAWKths7mACt9bYAPdWu8veirMdHqBglG/+UmqlI1OWpev5OMw8LZWWP8AaQKcptq+zAWsMyvUM7+IYtaqmPZj2YwP2ZunngLSvW4YaL0zYS8UlLMKo2KgIJQ9WgjsrsJnlO2iUUTKQ8mzKGgqpeASJRyusyy02dKNz8WZMa2zATS2y1bs8mOq92UEL36XbaN6YmGJQm2zy3mXOkdzCvZmJJ7HRj8H286NqpB8mzDRUMPVSV7R2Zyc9fu/wD3q7896RYhFSunjB2HQ+ssnTc6IsSQir9KH+UofamO41r21yAcnG9JbNjSTsdSXpJbkweDSbq+VJcnt8MLkvTVZXTNmePbXZ3H2zWns4jVKMFTakurTlar4lJmOMho/1OFYLXes2HrWgvEeFP7rkFVAb6vkDd9f7bBtiXjAl7mO9WhaaJm4vK+3A01V+aJXfF+cHV12eYjsqq4hjftPl3qZvvPgyiVxEeRth5Ebn8U10QJEj0PWGfxVe8lwITN/s8/bNsLxkKgt+Jn9rwcHvZldqYpEV2ug5TYK/tZEGDBgwYMCAAQMGDBgwYMCAAQMGDBgw4PtwP6/7brPzo2AdVutJ751FfhaS+PgpFy/sz2MMq1rPOBaLty7dd+19/mMxdqjh3DXt89Ivhv4nYfcHM+QawTR09nJ/NGuylyt3W9J3r7wfhZjp5PG4aonDOhLMLPvwF1ZG/uOwHAQxIZ8Ggs9u+BGSGxn/M9nwXkRk/lra4g/itIc4jMmfP3Lgz9LUaBHvJz+akTgoFLLrn8lGEqI0VPYSdSxgn6l6y+P/Nq4mhJXN8NaVzR8z2G33H8rGXv/ocdkv3H/Tqr8TYvMH/sPe66eH3H94RWHLccGGv1mf869f2cvTa3IFcWs/XiNtsZKx1tbhcp6dSt+TCqJXJKVfcH69RKCSf7vPZqtjGupwi15yNC5fr0pYur9ZvV4TiBGxd+P1a7JJYw3EhclovRZVOaxm41wCecvV674sIhL8VSS+NfM68aIeL5kjcHnNPPv6Eq8ULM/wzM3L1Uk0i36e5ZU8CJ6KFKAwnlMxSiICkU5bYt5me4qddMf8eOs4e4cZN9Hs9ge7HE3jwxcRh/K4MyuiLiJqyKDaA6WEv/xuy0R0334GNtuSmTLY+cJYOSx9EzLTZAxJaXl2TH4HCyHojJqTo+lQzOb28sPERhawt+GWBy86LDbCmcvsWkfspPMH+RDvcWfhYuaID8cdQsYc9nETYXEiqpTt32de/t2wz1h8U+liut4abz1t6mL4csqW6CF6RQTBhvA7hz6uu6WLDdEU9geZRGZo+pp/Nsn9GE+wWWx9eDSRISi8GCLUeUcIiVarLcawYcvSgH0ZR0Y5Nm1jiqtOa0Gjt6V4e1/NMUGyoQlyw3DGq0LX+PEKUfpRlhvD0WY34lXKBos/mmCdnlYi4ugDUrfv1F0ZRN/wbofD0+YkPhgSr7YIr0+rPqlZfzN4o4zElyPmXEaFB+0Tp3GCnA36qfknjB6JzNoxhEQ4hFjEVdofOjFOh4WlLR1Ig1njIsw5iIiUdlvEVY+9JfI7JNM5/ynOKtlYIG4LSZNOE993I9FUyB2DuIJioiO24IOQt3TkabGL5FdZEhdLSXlERpFYUOiNnA1kRrtnoB1l19Bgr5afqjdEp79byYNdeV/jo2RppOljW2kqyiymhdDt6ZZ9E0qmkg2I8LcfGHagPjilLAHe0NwSSBzCzx0dBJ+B+0QQVqtkY0WL7IBkm274G3DdJSpDkPzm2NTRZeL3ncrdmZdm+iWyCBc7c6vYgHjWIyvtJXHGP9Om4vqbRP5CbHmf7M2RNaHpRqeZTYVlkDpvrctN4EXwTrIB05SnSyJ5fGSUtthIPghvoKUpho0IlpX90XsgcauajS0qApO5aANdZZ0g0Jak2UAf0LAjQ2TjWr+wMZJFb0up6wo2KGz6zYcSfizTOd+PZUObExzEzPU0W+xx6tI0CDpjg8p2jwhXjgJcl8aSDfjq0ydBSB5nmLrlZ/LGnWDyFFHRWZT9i8gWV7LxUdrpIWYZsemlBIUpG3J6fTVEpr/IYGNplYrvSSnYyLYFOIYGMXT44+eycTHYbswmtmataZQ4WeWrbDwQWadb8J8PJTaOGMF2Z/x4SScfTfzLe2CRklE0x4sYrWw4qPj6YGxmH1VcmjIXg6Sdv8qGi0j2XYBfuc3bwYaWjJFJ4K+fywa3Qy+RDJlfmuRmZl8zq7KxolxIWwCtxAaXVFwa58czeHMS7rB86IU3vhxtyZbIPTiWJqicS5kNrvdze3OHCCgC8a1Yoa3UbEww1yJWreguNrgKv1BwNJxxPrX9jg1hvhHJFq9DKdE/KeEmZKoRq2wcuUYu3ZOzYT2IrjIUL4Y+w7LtDrwNZdfdYFAHR4pEHmLwKOejjVh6lSYMXEJk3sYC6R/ioJIN8WHu5nZ+3WyIjwKIORK3qTLxubz/LONK5NYguUspN2aKxMcqG94M09lRRNbH4sqcDW6IEXpN+PFFJZM/cRCCzdd5HyaPhe/FGKXfLNARmS12ES1nJvFJKAlHSbKAMYpw7PmLB4GkMTUb3I6m6wMvOSl9LLudjcUy8f0jr4uo1NVE7ueUP+zmGL/9FaH/LMZUh45vv0ix93SVDW5eGtTRXdf4UzRpwYa1crDJXDf8qH54mc/V0o37kohPn2cRw076+ee7gwhX+/fy2NCOe0qM/X4vBIl9Z9iMZiZ15nKgqtkQtjlloeuyP4tlsXY2lh90NscYPue+cPisVrzJxUT7n7UOcvyDfcAmH/c9+yPrKaHzh1R0ewdeNhjzyZxjhpEQIva/2L8yGz+ehdy24cq8kpByM0lmY/njiOxZODvmf7sMu3Hw8VHOhXneXeawcC7L38y5vYTm6QcTnT3s3PFvR26Jfvn4AB2TrHiXcQy3lOY+/ZP9C377N/tT3DTJLl4+9P0evdIRvNkazOEVeqL9+Wclcfifu0/gINntdplG5L8G6c/ULZccdrvDAtQFv6X4HueCX7OYVtXhjJQS4IMDv7F0/rk7JJrNbyrfYT3FY1JKPf7MReYO5Mdli33Cz+lul3UZWaVnKZFJvAv8xn8RFy/yi4PyI8WdBzjfZ8/UfzasKyOzn9Xn/ncRrBD6J66O/L/EE1NEf567+n8UQcQ+eu96P+A/jev4Z9nw/9v4Yd6GAQMG/DX8H8J32wH5O1NlAAAAAElFTkSuQmCC",3,5000
